serviceId,serviceName,policyId,policyTitle,policyNo,policyOffice,publishTime,policyFile,policyFileName,clause,policyDetailUrl,policyReadableUrl
2034182784589459458,支持省级服务型制造集聚区建设,1981526194681868289,安徽省人民政府办公厅关于推动先进制造业和现代生产性服务业深度融合发展的实施意见,皖政办〔2025〕4号,安徽省人民政府办公厅,2025-06-09,安徽省人民政府办公厅关于推动先进制造业和现代生产性服务业深度融合发展的实施意见,安徽省人民政府办公厅关于推动先进制造业和现代生产性服务业深度融合发展的实施意见.doc,制订省级服务型制造集聚区创建导则，以县（市、区）和省级以上开发区为创建主体，加强服务型制造应用创新、政策创新、机制创新，打造服务型制造集聚区。充分发挥制造强省建设领导小组及办公室统筹协调作用，统筹制造强省建设等资金推动两业融合发展。,https://www.ahzwfw.gov.cn/hqw-bsdt-portal/static/zcwj/detail?id=1981526194681868289,https://www.ahzwfw.gov.cn/hqw-bsdt-portal/static/zcwj/detail?id=1981526194681868289
2034182784589459458,支持省级服务型制造集聚区建设,2027281495567638530,关于巩固拓展经济稳中向好势头若干政策举措,皖政〔2026〕15号,安徽省人民政府,2026-02-14,关于巩固拓展经济稳中向好势头若干政策举措,皖政〔2026〕15号.doc,加快建设省级服务型制造集聚区，每个给予最高1000万元支持。,https://www.ahzwfw.gov.cn/hqw-bsdt-portal/static/zcwj/detail?id=2027281495567638530,https://www.ahzwfw.gov.cn/hqw-bsdt-portal/static/zcwj/detail?id=2027281495567638530
2034077527763021825,支持省级先进制造业集群培育建设,1769571093462560770,安徽省人民政府办公厅关于培育发展先进制造业集群的指导意见,皖政办秘〔2023〕55号,安徽省人民政府办公厅,2023-12-01,安徽省人民政府办公厅关于培育发展先进制造业集群的指导意见,皖政办秘55号.pdf,统筹省制造业数字化转型等政策资金，给予新认定的国家级、世界级先进制造业集群1000万元、省级先进制造业集群500万元补助，用于支持集群企业产业科技创新实体项目、公共服务平台建设等。根据认定和考核评价结果分步到位，具体办法另行制定。,https://www.ahzwfw.gov.cn/hqw-bsdt-portal/static/zcwj/detail?id=1769571093462560770,https://www.ahzwfw.gov.cn/hqw-bsdt-portal/static/zcwj/detail?id=1769571093462560770
2034077527763021825,支持省级先进制造业集群培育建设,2027281495567638530,关于巩固拓展经济稳中向好势头若干政策举措,皖政〔2026〕15号,安徽省人民政府,2026-02-14,关于巩固拓展经济稳中向好势头若干政策举措,皖政〔2026〕15号.doc,培育省级先进制造业集群10个，给予新认定的省级先进制造业集群500万元补助。,https://www.ahzwfw.gov.cn/hqw-bsdt-portal/static/zcwj/detail?id=2027281495567638530,https://www.ahzwfw.gov.cn/hqw-bsdt-portal/static/zcwj/detail?id=2027281495567638530
2034077227417300993,国家绿色工厂奖补,2026950883933691905,安徽省人民政府办公厅关于印发 《安徽省以新型技术改造推动制造业 高端化智能化绿色化发展行动方案》的通知,皖政办〔2025〕8号,安徽省人民政府办公厅,2025-08-15,安徽省人民政府办公厅关于印发 《安徽省以新型技术改造推动制造业 高端化智能化绿色化发展行动方案》的通知,安徽省人民政府办公厅关于印发《安徽省以新型技术改造推动制造业高端化智能化绿色化发展行动方案》的通知.doc,实施绿色工厂提质扩面计划，聚焦重点行业树立一批绿色制造标杆，对获评国家绿色工厂、国家绿色供应链管理企业的，分别给予50万元一次性奖补。,https://www.ahzwfw.gov.cn/hqw-bsdt-portal/static/zcwj/detail?id=2026950883933691905,https://www.ahzwfw.gov.cn/hqw-bsdt-portal/static/zcwj/detail?id=2026950883933691905
2034077227417300993,国家绿色工厂奖补,2027281495567638530,关于巩固拓展经济稳中向好势头若干政策举措,皖政〔2026〕15号,安徽省人民政府,2026-02-14,关于巩固拓展经济稳中向好势头若干政策举措,皖政〔2026〕15号.doc,培育国家绿色工厂80家左右。,https://www.ahzwfw.gov.cn/hqw-bsdt-portal/static/zcwj/detail?id=2027281495567638530,https://www.ahzwfw.gov.cn/hqw-bsdt-portal/static/zcwj/detail?id=2027281495567638530
2034075070286753793,国家5G工厂奖补,2026950883933691905,安徽省人民政府办公厅关于印发 《安徽省以新型技术改造推动制造业 高端化智能化绿色化发展行动方案》的通知,皖政办〔2025〕8号,安徽省人民政府办公厅,2025-08-15,安徽省人民政府办公厅关于印发 《安徽省以新型技术改造推动制造业 高端化智能化绿色化发展行动方案》的通知,安徽省人民政府办公厅关于印发《安徽省以新型技术改造推动制造业高端化智能化绿色化发展行动方案》的通知.doc,加快5G网络深度覆盖和应用推广，对获评国家5G工厂的企业，给予50万元一次性奖补。,https://www.ahzwfw.gov.cn/hqw-bsdt-portal/static/zcwj/detail?id=2026950883933691905,https://www.ahzwfw.gov.cn/hqw-bsdt-portal/static/zcwj/detail?id=2026950883933691905
2034073213539676161,培育省级重点工业互联网平台,2026950883933691905,安徽省人民政府办公厅关于印发 《安徽省以新型技术改造推动制造业 高端化智能化绿色化发展行动方案》的通知,皖政办〔2025〕8号,安徽省人民政府办公厅,2025-08-15,安徽省人民政府办公厅关于印发 《安徽省以新型技术改造推动制造业 高端化智能化绿色化发展行动方案》的通知,安徽省人民政府办公厅关于印发《安徽省以新型技术改造推动制造业高端化智能化绿色化发展行动方案》的通知.doc,打造面向重点行业、产业集群和供应链协同的工业互联网平台体系，到2027年，累计培育省级重点工业互联网平台110家以上，对新获评的企业给予100万元一次性奖补。,https://www.ahzwfw.gov.cn/hqw-bsdt-portal/static/zcwj/detail?id=2026950883933691905,https://www.ahzwfw.gov.cn/hqw-bsdt-portal/static/zcwj/detail?id=2026950883933691905
2034073213539676161,培育省级重点工业互联网平台,2027281495567638530,关于巩固拓展经济稳中向好势头若干政策举措,皖政〔2026〕15号,安徽省人民政府,2026-02-14,关于巩固拓展经济稳中向好势头若干政策举措,皖政〔2026〕15号.doc,新培育省级重点工业互联网平台10家以上。,https://www.ahzwfw.gov.cn/hqw-bsdt-portal/static/zcwj/detail?id=2027281495567638530,https://www.ahzwfw.gov.cn/hqw-bsdt-portal/static/zcwj/detail?id=2027281495567638530
2033884086294769665,2026年度财政与金融协同支持新兴产业专项 “免申即享”融资租赁项目,1900399574697844738,安徽省财政与金融协同支持新兴产业专项实施细则,皖发改产业〔2024〕533号,安徽省发展和改革委员会安徽省财政厅安徽省地方金融管理局中国人民银行安徽省分行国家金融监督管理总局安徽监管局,2024-10-15,安徽省财政与金融协同支持新兴产业专项实施细则,安徽省财政与金融协同支持新兴产业专项实施细则.doc,详见文件,https://www.ahzwfw.gov.cn/hqw-bsdt-portal/static/zcwj/detail?id=1900399574697844738,https://www.ahzwfw.gov.cn/hqw-bsdt-portal/static/zcwj/detail?id=1900399574697844738
2033884086294769665,2026年度财政与金融协同支持新兴产业专项 “免申即享”融资租赁项目,2027281495567638530,关于巩固拓展经济稳中向好势头若干政策举措,皖政〔2026〕15号,安徽省人民政府,2026-02-14,关于巩固拓展经济稳中向好势头若干政策举措,皖政〔2026〕15号.doc,对战略性新兴产业领域制造业投资项目贷款、设备融资租赁项目分别给予最高2000万元和300万元贴息。,https://www.ahzwfw.gov.cn/hqw-bsdt-portal/static/zcwj/detail?id=2027281495567638530,https://www.ahzwfw.gov.cn/hqw-bsdt-portal/static/zcwj/detail?id=2027281495567638530
2033871848171335682,2026年度财政与金融协同支持新兴产业专项 “免申即享”贴息项目,1900399574697844738,安徽省财政与金融协同支持新兴产业专项实施细则,皖发改产业〔2024〕533号,安徽省发展和改革委员会安徽省财政厅安徽省地方金融管理局中国人民银行安徽省分行国家金融监督管理总局安徽监管局,2024-10-15,安徽省财政与金融协同支持新兴产业专项实施细则,安徽省财政与金融协同支持新兴产业专项实施细则.doc,详见文件,https://www.ahzwfw.gov.cn/hqw-bsdt-portal/static/zcwj/detail?id=1900399574697844738,https://www.ahzwfw.gov.cn/hqw-bsdt-portal/static/zcwj/detail?id=1900399574697844738
2033871848171335682,2026年度财政与金融协同支持新兴产业专项 “免申即享”贴息项目,2027281495567638530,关于巩固拓展经济稳中向好势头若干政策举措,皖政〔2026〕15号,安徽省人民政府,2026-02-14,关于巩固拓展经济稳中向好势头若干政策举措,皖政〔2026〕15号.doc,对战略性新兴产业领域制造业投资项目贷款、设备融资租赁项目分别给予最高2000万元和300万元贴息。,https://www.ahzwfw.gov.cn/hqw-bsdt-portal/static/zcwj/detail?id=2027281495567638530,https://www.ahzwfw.gov.cn/hqw-bsdt-portal/static/zcwj/detail?id=2027281495567638530
2033822003712716801,2026年获批全国重点实验室奖补,2027281495567638530,关于巩固拓展经济稳中向好势头若干政策举措,皖政〔2026〕15号,安徽省人民政府,2026-02-14,关于巩固拓展经济稳中向好势头若干政策举措,皖政〔2026〕15号.doc,对新获批的全国重点实验室等国家级创新平台，给予最高1000万元补助。,https://www.ahzwfw.gov.cn/hqw-bsdt-portal/static/zcwj/detail?id=2027281495567638530,https://www.ahzwfw.gov.cn/hqw-bsdt-portal/static/zcwj/detail?id=2027281495567638530
2033754890570526721,鼓励类外资项目进口自用设备免税确认,2027281495567638530,关于巩固拓展经济稳中向好势头若干政策举措,皖政〔2026〕15号,安徽省人民政府,2026-02-14,关于巩固拓展经济稳中向好势头若干政策举措,皖政〔2026〕15号.doc,执行新版鼓励外商投资产业目录，落实鼓励类外商投资项目（含再投资）依法享受投资总额内进口自用设备免征关税政策,https://www.ahzwfw.gov.cn/hqw-bsdt-portal/static/zcwj/detail?id=2027281495567638530,https://www.ahzwfw.gov.cn/hqw-bsdt-portal/static/zcwj/detail?id=2027281495567638530
2032405019766779906,安徽省未来产业标杆应用场景和商业化应用解决方案资金,1932770639789350914,安徽省人民政府办公厅关于印发 《安徽省未来产业发展行动方案》的通知,皖政办秘〔2024〕66号,安徽省人民政府办公厅,2024-09-30,安徽省人民政府办公厅关于印发 《安徽省未来产业发展行动方案》的通知,安徽省未来产业发展行动方案.doc,每年遴选一批省级标杆应用场景和商业化应用解决方案，每个给予100万元的一次性奖励。,https://www.ahzwfw.gov.cn/hqw-bsdt-portal/static/zcwj/detail?id=1932770639789350914,https://www.ahzwfw.gov.cn/hqw-bsdt-portal/static/zcwj/detail?id=1932770639789350914
2032405019766779906,安徽省未来产业标杆应用场景和商业化应用解决方案资金,2027281495567638530,关于巩固拓展经济稳中向好势头若干政策举措,皖政〔2026〕15号,安徽省人民政府,2026-02-14,关于巩固拓展经济稳中向好势头若干政策举措,皖政〔2026〕15号.doc,遴选一批未来产业标杆应用场景和商业化应用解决方案，每个给予100万元一次性奖励。,https://www.ahzwfw.gov.cn/hqw-bsdt-portal/static/zcwj/detail?id=2027281495567638530,https://www.ahzwfw.gov.cn/hqw-bsdt-portal/static/zcwj/detail?id=2027281495567638530
2032404505771601921,省未来产业先导区奖补,1932770639789350914,安徽省人民政府办公厅关于印发 《安徽省未来产业发展行动方案》的通知,皖政办秘〔2024〕66号,安徽省人民政府办公厅,2024-09-30,安徽省人民政府办公厅关于印发 《安徽省未来产业发展行动方案》的通知,安徽省未来产业发展行动方案.doc,布局建设省级未来产业先导区，对纳入省级未来产业先导区筹建名单的，结合筹建任务完成情况，省财政给予所在市最高1000万元奖补资金。,https://www.ahzwfw.gov.cn/hqw-bsdt-portal/static/zcwj/detail?id=1932770639789350914,https://www.ahzwfw.gov.cn/hqw-bsdt-portal/static/zcwj/detail?id=1932770639789350914
2032404505771601921,省未来产业先导区奖补,2027281495567638530,关于巩固拓展经济稳中向好势头若干政策举措,皖政〔2026〕15号,安徽省人民政府,2026-02-14,关于巩固拓展经济稳中向好势头若干政策举措,皖政〔2026〕15号.doc,布局创建第二批省级未来产业先导区，推动技术、体制机制、政策先行先试，对新纳入筹建清单的分批次给予最高1000万元支持。,https://www.ahzwfw.gov.cn/hqw-bsdt-portal/static/zcwj/detail?id=2027281495567638530,https://www.ahzwfw.gov.cn/hqw-bsdt-portal/static/zcwj/detail?id=2027281495567638530
2032016727646674946,对检验检测认证机构取得国际权威资质授权的给予奖励,2027281495567638530,关于巩固拓展经济稳中向好势头若干政策举措,皖政〔2026〕15号,安徽省人民政府,2026-02-14,关于巩固拓展经济稳中向好势头若干政策举措,皖政〔2026〕15号.doc,第15条,https://www.ahzwfw.gov.cn/hqw-bsdt-portal/static/zcwj/detail?id=2027281495567638530,https://www.ahzwfw.gov.cn/hqw-bsdt-portal/static/zcwj/detail?id=2027281495567638530
2031316535100317697,制造业“揭榜挂帅”招才引智专项,2031308491066974209,安徽省工业和信息化厅关于开展2026年制造业“揭榜挂帅”招才引智专项资金申报工作的通知,,安徽省工业和信息化厅,2026-02-28,安徽省工业和信息化厅关于开展2026年制造业“揭榜挂帅”招才引智专项资金申报工作的通知,安徽省工业和信息化厅关于开展2026年制造业“揭榜挂帅”招才引智专项资金申报工作的通知.docx,根据省4.0版人才政策，对承担国家和省制造业重点领域技术攻关的人才团队，最高给予200万元经费支持。,https://www.ahzwfw.gov.cn/hqw-bsdt-portal/static/zcwj/detail?id=2031308491066974209,https://www.ahzwfw.gov.cn/hqw-bsdt-portal/static/zcwj/detail?id=2031308491066974209
2028425582756765697,对新获批省级跨境电商产业园给予支持,2027281495567638530,关于巩固拓展经济稳中向好势头若干政策举措,皖政〔2026〕15号,安徽省人民政府,2026-02-14,关于巩固拓展经济稳中向好势头若干政策举措,皖政〔2026〕15号.doc,对新获批省级跨境电商产业园给予最高100万元支持。,https://www.ahzwfw.gov.cn/hqw-bsdt-portal/static/zcwj/detail?id=2027281495567638530,https://www.ahzwfw.gov.cn/hqw-bsdt-portal/static/zcwj/detail?id=2027281495567638530
2028421831924916225,对新获批国家跨境电商综试区给予支持,2027281495567638530,关于巩固拓展经济稳中向好势头若干政策举措,皖政〔2026〕15号,安徽省人民政府,2026-02-14,关于巩固拓展经济稳中向好势头若干政策举措,皖政〔2026〕15号.doc,对新获批国家跨境电商综试区给予最高300万元支持。,https://www.ahzwfw.gov.cn/hqw-bsdt-portal/static/zcwj/detail?id=2027281495567638530,https://www.ahzwfw.gov.cn/hqw-bsdt-portal/static/zcwj/detail?id=2027281495567638530
2028408447972155394,降低算力使用成本补助,1970781885573689346,打造通用人工智能产业创新和应用高地若干政策（2.0版）,皖政秘〔2025〕108号,安徽省人民政府,2025-08-11,打造通用人工智能产业创新和应用高地若干政策（2.0版）,附件：1.《打造通用人工智能产业创新和应用高地若干政策（2.0版）》.docx,降低算力使用成本（此条免申即享）,https://www.ahzwfw.gov.cn/hqw-bsdt-portal/static/zcwj/detail?id=1970781885573689346,https://www.ahzwfw.gov.cn/hqw-bsdt-portal/static/zcwj/detail?id=1970781885573689346
2028408447972155394,降低算力使用成本补助,2027281495567638530,关于巩固拓展经济稳中向好势头若干政策举措,皖政〔2026〕15号,安徽省人民政府,2026-02-14,关于巩固拓展经济稳中向好势头若干政策举措,皖政〔2026〕15号.doc,鼓励企业、高校院所利用智能算力资源开展科技创新，最高可按算力总支出的20%给予支持。,https://www.ahzwfw.gov.cn/hqw-bsdt-portal/static/zcwj/detail?id=2027281495567638530,https://www.ahzwfw.gov.cn/hqw-bsdt-portal/static/zcwj/detail?id=2027281495567638530
2028291310771249154,对省统一组织的内外贸一体化活动的承办单位给予支持,2027281495567638530,关于巩固拓展经济稳中向好势头若干政策举措,皖政〔2026〕15号,安徽省人民政府,2026-02-14,关于巩固拓展经济稳中向好势头若干政策举措,皖政〔2026〕15号.doc,对省统一组织的内外贸一体化活动的承办单位给予最高50万元支持,https://www.ahzwfw.gov.cn/hqw-bsdt-portal/static/zcwj/detail?id=2027281495567638530,https://www.ahzwfw.gov.cn/hqw-bsdt-portal/static/zcwj/detail?id=2027281495567638530
2028289421052747777,省级外资研发中心认定激励,2027281495567638530,关于巩固拓展经济稳中向好势头若干政策举措,皖政〔2026〕15号,安徽省人民政府,2026-02-14,关于巩固拓展经济稳中向好势头若干政策举措,皖政〔2026〕15号.doc,对新认定的省级外资研发中心给予最高200万元奖励。,https://www.ahzwfw.gov.cn/hqw-bsdt-portal/static/zcwj/detail?id=2027281495567638530,https://www.ahzwfw.gov.cn/hqw-bsdt-portal/static/zcwj/detail?id=2027281495567638530
2028277801471713282,支持外贸企业投保国内贸易信用险,2027281495567638530,关于巩固拓展经济稳中向好势头若干政策举措,皖政〔2026〕15号,安徽省人民政府,2026-02-14,关于巩固拓展经济稳中向好势头若干政策举措,皖政〔2026〕15号.doc,对投保国内贸易信用险的外贸企业，给予最高100万元保费补贴支持。,https://www.ahzwfw.gov.cn/hqw-bsdt-portal/static/zcwj/detail?id=2027281495567638530,https://www.ahzwfw.gov.cn/hqw-bsdt-portal/static/zcwj/detail?id=2027281495567638530
2027335964896534530,设备融资租赁贴息,2026950883933691905,安徽省人民政府办公厅关于印发 《安徽省以新型技术改造推动制造业 高端化智能化绿色化发展行动方案》的通知,皖政办〔2025〕8号,安徽省人民政府办公厅,2025-08-15,安徽省人民政府办公厅关于印发 《安徽省以新型技术改造推动制造业 高端化智能化绿色化发展行动方案》的通知,安徽省人民政府办公厅关于印发《安徽省以新型技术改造推动制造业高端化智能化绿色化发展行动方案》的通知.doc,"对期限在 2 年期及以上的设备融资租赁业务，按实际支付融
资租赁租息的 40%给予贴息，单个项目贴息期不超过 2 年，最高
300 万元。",https://www.ahzwfw.gov.cn/hqw-bsdt-portal/static/zcwj/detail?id=2026950883933691905,https://www.ahzwfw.gov.cn/hqw-bsdt-portal/static/zcwj/detail?id=2026950883933691905
2027333121040982017,技术改造项目贷款贴息,2026950883933691905,安徽省人民政府办公厅关于印发 《安徽省以新型技术改造推动制造业 高端化智能化绿色化发展行动方案》的通知,皖政办〔2025〕8号,安徽省人民政府办公厅,2025-08-15,安徽省人民政府办公厅关于印发 《安徽省以新型技术改造推动制造业 高端化智能化绿色化发展行动方案》的通知,安徽省人民政府办公厅关于印发《安徽省以新型技术改造推动制造业高端化智能化绿色化发展行动方案》的通知.doc,对获得1年期及以上的新型技术改造项目贷款，按照同期贷款银行市场报价利率40%给予贴息，单个项目贴息期不超过3年，最高500万元。,https://www.ahzwfw.gov.cn/hqw-bsdt-portal/static/zcwj/detail?id=2026950883933691905,https://www.ahzwfw.gov.cn/hqw-bsdt-portal/static/zcwj/detail?id=2026950883933691905
2027333121040982017,技术改造项目贷款贴息,2027281495567638530,关于巩固拓展经济稳中向好势头若干政策举措,皖政〔2026〕15号,安徽省人民政府,2026-02-14,关于巩固拓展经济稳中向好势头若干政策举措,皖政〔2026〕15号.doc,对实施新型技术改造的项目按40%给予最高500万元贷款贴息。,https://www.ahzwfw.gov.cn/hqw-bsdt-portal/static/zcwj/detail?id=2027281495567638530,https://www.ahzwfw.gov.cn/hqw-bsdt-portal/static/zcwj/detail?id=2027281495567638530
2026955719697768450,设备补助项目,2026950883933691905,安徽省人民政府办公厅关于印发 《安徽省以新型技术改造推动制造业 高端化智能化绿色化发展行动方案》的通知,皖政办〔2025〕8号,安徽省人民政府办公厅,2025-08-15,安徽省人民政府办公厅关于印发 《安徽省以新型技术改造推动制造业 高端化智能化绿色化发展行动方案》的通知,安徽省人民政府办公厅关于印发《安徽省以新型技术改造推动制造业高端化智能化绿色化发展行动方案》的通知.doc,对符合《制造业重点领域新型技术改造投资指引》，且设备（含软件）投资500万元以上的优质新型技术改造项目，按设备（含软件）投资额的8%，给予最高500万元奖补。,https://www.ahzwfw.gov.cn/hqw-bsdt-portal/static/zcwj/detail?id=2026950883933691905,https://www.ahzwfw.gov.cn/hqw-bsdt-portal/static/zcwj/detail?id=2026950883933691905
2026955719697768450,设备补助项目,2027281495567638530,关于巩固拓展经济稳中向好势头若干政策举措,皖政〔2026〕15号,安徽省人民政府,2026-02-14,关于巩固拓展经济稳中向好势头若干政策举措,皖政〔2026〕15号.doc,深入开展“智改数转网联绿色”新技改，对符合新型技术改造投资指引的优质项目，按其设备投资额的8%给予最高500万元奖补。,https://www.ahzwfw.gov.cn/hqw-bsdt-portal/static/zcwj/detail?id=2027281495567638530,https://www.ahzwfw.gov.cn/hqw-bsdt-portal/static/zcwj/detail?id=2027281495567638530
1993155750093475842,支持中国声谷创新发展若干政策中国声谷大型宣传推介活动经费补助项目,E3218B53A49CA94EE05303C7FE0A5A2F,安徽省人民政府办公厅关于印发支持中国声谷创新发展若干政策和中国声谷创新发展三年行动计划（2021—2023年）的通知,皖政办秘〔2021〕71号,安徽省人民政府办公厅,2021-07-19,安徽省人民政府办公厅关于印发支持中国声谷创新发展若干政策和中国声谷创新发展三年行动计划（2021—2023年）的通知,wKg8BmHNYMiACShMAAbS970g-1I655.pdf,"七、支持对外宣传推介
支持中国声谷企业主办高水平产业学术论坛、峰会、新技术发布会、软课题研究等，每次按其实际支出的50%给予补助，每个最高100万元。（牵头责任单位：省经济和信息化厅、合肥市政府，配合单位：省科技厅、省财政厅）
支持中国声谷在国内外举办大型宣传推介活动，每次对会场展位费、租赁费等给予补助，最高100万元。（牵头责任单位：省经济和信息化厅、合肥市政府，配合单位：省财政厅）",https://www.ahzwfw.gov.cn/hqw-bsdt-portal/static/zcwj/detail?id=E3218B53A49CA94EE05303C7FE0A5A2F,https://www.ahzwfw.gov.cn/hqw-bsdt-portal/static/zcwj/detail?id=E3218B53A49CA94EE05303C7FE0A5A2F
1993154753522651138,支持中国声谷创新发展若干政策企业宣传推荐活动经费补助项目,E3218B53A49CA94EE05303C7FE0A5A2F,安徽省人民政府办公厅关于印发支持中国声谷创新发展若干政策和中国声谷创新发展三年行动计划（2021—2023年）的通知,皖政办秘〔2021〕71号,安徽省人民政府办公厅,2021-07-19,安徽省人民政府办公厅关于印发支持中国声谷创新发展若干政策和中国声谷创新发展三年行动计划（2021—2023年）的通知,wKg8BmHNYMiACShMAAbS970g-1I655.pdf,七、支持对外宣传推介 支持中国声谷企业主办高水平产业学术论坛、峰会、新技术发布会、软课题研究等，每次按其实际支出的50%给予补助，每个最高100万元。（牵头责任单位：省经济和信息化厅、合肥市政府，配合单位：省科技厅、省财政厅） 支持中国声谷在国内外举办大型宣传推介活动，每次对会场展位费、租赁费等给予补助，最高100万元。（牵头责任单位：省经济和信息化厅、合肥市政府，配合单位：省财政厅）,https://www.ahzwfw.gov.cn/hqw-bsdt-portal/static/zcwj/detail?id=E3218B53A49CA94EE05303C7FE0A5A2F,https://www.ahzwfw.gov.cn/hqw-bsdt-portal/static/zcwj/detail?id=E3218B53A49CA94EE05303C7FE0A5A2F
1993152918279770113,支持中国声谷创新发展若干政策产品创新大赛经费补助项目,E3218B53A49CA94EE05303C7FE0A5A2F,安徽省人民政府办公厅关于印发支持中国声谷创新发展若干政策和中国声谷创新发展三年行动计划（2021—2023年）的通知,皖政办秘〔2021〕71号,安徽省人民政府办公厅,2021-07-19,安徽省人民政府办公厅关于印发支持中国声谷创新发展若干政策和中国声谷创新发展三年行动计划（2021—2023年）的通知,wKg8BmHNYMiACShMAAbS970g-1I655.pdf,"六、支持产业聚集发展
支持中国声谷举办国际智能语音及人工智能产品创新大赛，对获得大赛一等奖、二等奖、三等奖的入园发展项目分别给予50万、25万、10万元奖励，并按每次大赛活动经费的一定比例给予不超过100万元的补助。（牵头责任单位：省经济和信息化厅、合肥市政府，配合单位：省财政厅）",https://www.ahzwfw.gov.cn/hqw-bsdt-portal/static/zcwj/detail?id=E3218B53A49CA94EE05303C7FE0A5A2F,https://www.ahzwfw.gov.cn/hqw-bsdt-portal/static/zcwj/detail?id=E3218B53A49CA94EE05303C7FE0A5A2F
1993151234522566658,支持中国声谷创新发展若干政策产品创新大赛奖励项目,E3218B53A49CA94EE05303C7FE0A5A2F,安徽省人民政府办公厅关于印发支持中国声谷创新发展若干政策和中国声谷创新发展三年行动计划（2021—2023年）的通知,皖政办秘〔2021〕71号,安徽省人民政府办公厅,2021-07-19,安徽省人民政府办公厅关于印发支持中国声谷创新发展若干政策和中国声谷创新发展三年行动计划（2021—2023年）的通知,wKg8BmHNYMiACShMAAbS970g-1I655.pdf,六、支持产业聚集发展。支持中国声谷举办国际智能语音及人工智能产品创新大赛，对获得大赛一等奖、二等奖、三等奖的入园发展项目分别给予50万、25万、10万元奖励，并按每次大赛活动经费的一定比例给予不超过100万元的补助。（牵头责任单位：省经济和信息化厅、合肥市政府，配合单位：省财政厅）,https://www.ahzwfw.gov.cn/hqw-bsdt-portal/static/zcwj/detail?id=E3218B53A49CA94EE05303C7FE0A5A2F,https://www.ahzwfw.gov.cn/hqw-bsdt-portal/static/zcwj/detail?id=E3218B53A49CA94EE05303C7FE0A5A2F
1993147761915678721,支持中国声谷创新发展若干政策优秀解决方案示范建设奖励项目,E3218B53A49CA94EE05303C7FE0A5A2F,安徽省人民政府办公厅关于印发支持中国声谷创新发展若干政策和中国声谷创新发展三年行动计划（2021—2023年）的通知,皖政办秘〔2021〕71号,安徽省人民政府办公厅,2021-07-19,安徽省人民政府办公厅关于印发支持中国声谷创新发展若干政策和中国声谷创新发展三年行动计划（2021—2023年）的通知,wKg8BmHNYMiACShMAAbS970g-1I655.pdf,"四、支持产品推广应用
支持综合利用中国声谷企业智能语音及人工智能和信息技术应用创新产品，针对教育、医疗、交通、城管、商业、广电等行业领域以及生产车间、企业园区、机关办公、居民社区等应用场景，制定“智能+应用场景”解决方案，建设“智能+应用场景”示范项目。每年向社会公开征集评选10—30个“智能+应用场景”优秀解决方案，每个方案分别给予一次性补助50万元；每年择优支持20个左右“智能+应用场景”优秀解决方案落地建设示范项目，每项给予最高200万元补助并在省内外推广。",https://www.ahzwfw.gov.cn/hqw-bsdt-portal/static/zcwj/detail?id=E3218B53A49CA94EE05303C7FE0A5A2F,https://www.ahzwfw.gov.cn/hqw-bsdt-portal/static/zcwj/detail?id=E3218B53A49CA94EE05303C7FE0A5A2F
1991428240708419585,2025年省级科技创新攻坚计划项目支持（农业）,1983007964073226242,安徽省人民政府关于印发《促进科技型企业高质量发展的若干措施》的通知,皖政〔2025〕50号,安徽省人民政府,2025-07-18,安徽省人民政府关于印发《促进科技型企业高质量发展的若干措施》的通知,关于印发《促进科技型企业高质量发展的若干措施》的通知.docx,强化科技攻关。聚焦重点产业发展“最紧急、最紧迫”技术需求，组织实施省级科技创新攻坚计划，支持企业牵头，联合产业链上下游企业和高校院所开展科技攻关，单个项目省支持资金可突破1亿元。,https://www.ahzwfw.gov.cn/hqw-bsdt-portal/static/zcwj/detail?id=1983007964073226242,https://www.ahzwfw.gov.cn/hqw-bsdt-portal/static/zcwj/detail?id=1983007964073226242
1988937748327395330,2025年省级科技创新攻坚计划项目支持（工信）,1983007964073226242,安徽省人民政府关于印发《促进科技型企业高质量发展的若干措施》的通知,皖政〔2025〕50号,安徽省人民政府,2025-07-18,安徽省人民政府关于印发《促进科技型企业高质量发展的若干措施》的通知,关于印发《促进科技型企业高质量发展的若干措施》的通知.docx,"组织实施省级科技创新攻坚计划,支持企业牵头联合产业链上下游企业和高校院所开展科技攻关,单个项目省支持资金可突破1亿元。",https://www.ahzwfw.gov.cn/hqw-bsdt-portal/static/zcwj/detail?id=1983007964073226242,https://www.ahzwfw.gov.cn/hqw-bsdt-portal/static/zcwj/detail?id=1983007964073226242
1988150295010177026,省级电影专资奖励资助电影相关项目,1768477324046675970,安徽省财政厅 中共安徽省委宣传部关于印发 《安徽省省级国家电影事业发展专项 资金管理办法》的通知,皖财教〔2021〕114号,安徽省财政厅办公室,2021-03-10,安徽省财政厅 中共安徽省委宣传部关于印发 《安徽省省级国家电影事业发展专项 资金管理办法》的通知,安徽省财政厅 中共安徽省委宣传部关于印发《安徽省省级国家电影事业发展专项资金管理办法》的通知.pdf,1.对年度票房1000万元及以上、排名前30位的影院，每家最高奖励20万元。2.奖励影院安装先进技术设备，金额不超过设备采购支出的20%、最高50万元。3.对我省在央视电影频道黄金时段播出的影片，每部影片最高奖励50万元。4.资助我省优秀电影剧本创作生产，每部最高资助30万元。5.对我省创作生产的具有文化特色、艺术创新的影片，每部最高资助200万元。,https://www.ahzwfw.gov.cn/hqw-bsdt-portal/static/zcwj/detail?id=1768477324046675970,https://www.ahzwfw.gov.cn/hqw-bsdt-portal/static/zcwj/detail?id=1768477324046675970
1967506280756375554,新认定驰名商标的国内维权保护项目补助,1851193998144221186,安徽省省级知识产权保护专项资金管理办法,皖财〔2024〕870号,安徽省财政厅、安徽省市场监督管理局,2024-09-04,安徽省省级知识产权保护专项资金管理办法,附件2：安徽省省级知识产权专项资金管理办法（皖财行〔2024〕870号）.pdf,第九条第二项,https://www.ahzwfw.gov.cn/hqw-bsdt-portal/static/zcwj/detail?id=1851193998144221186,https://www.ahzwfw.gov.cn/hqw-bsdt-portal/static/zcwj/detail?id=1851193998144221186
1965981785311227905,安徽省院士工作站登记备案,1965958350212247554,关于印发安徽省院士工作站管理办法的通知,皖科才〔2023〕5号,安徽省科学技术厅,2023-05-12,关于印发安徽省院士工作站管理办法的通知,皖科才〔2023〕5号关于印发《安徽省院士工作站管理办法》的通知.docx,"1.对新建登记备案院士工作站给予100万元资助。资助经费一般分三年按40%、30%、30%的比例拨付至承建单位。对具有重大影响和广阔发展前景、预期效益显著的，或同一家院士工作站入驻院士不止1位的，可采取“一事一议”方式确定资助金额。
2.有效期满综合绩效评价等级为优秀的院士工作站，给予80万元一次性奖励，经费由承建单位按规定自主支配。院士工作站取得“卡脖子”关键核心技术突破或获得国家科技奖等重大科技创新成就的，可采取“一事一议”方式确定绩效评价奖励金额。",https://www.ahzwfw.gov.cn/hqw-bsdt-portal/static/zcwj/detail?id=1965958350212247554,https://www.ahzwfw.gov.cn/hqw-bsdt-portal/static/zcwj/detail?id=1965958350212247554
1963537758046351362,对经国家知识产权管理部门新认定的知识产权保护规范化市场、培育市场,1851193998144221186,安徽省省级知识产权保护专项资金管理办法,皖财〔2024〕870号,安徽省财政厅、安徽省市场监督管理局,2024-09-04,安徽省省级知识产权保护专项资金管理办法,附件2：安徽省省级知识产权专项资金管理办法（皖财行〔2024〕870号）.pdf,第九条第四项,https://www.ahzwfw.gov.cn/hqw-bsdt-portal/static/zcwj/detail?id=1851193998144221186,https://www.ahzwfw.gov.cn/hqw-bsdt-portal/static/zcwj/detail?id=1851193998144221186
1963535964847173634,国家级知识产权信息公共服务网点,1851193998144221186,安徽省省级知识产权保护专项资金管理办法,皖财〔2024〕870号,安徽省财政厅、安徽省市场监督管理局,2024-09-04,安徽省省级知识产权保护专项资金管理办法,附件2：安徽省省级知识产权专项资金管理办法（皖财行〔2024〕870号）.pdf,第十一条,https://www.ahzwfw.gov.cn/hqw-bsdt-portal/static/zcwj/detail?id=1851193998144221186,https://www.ahzwfw.gov.cn/hqw-bsdt-portal/static/zcwj/detail?id=1851193998144221186
1963534118275477505,新获得地理标志保护产品或地理标志商标,1851193998144221186,安徽省省级知识产权保护专项资金管理办法,皖财〔2024〕870号,安徽省财政厅、安徽省市场监督管理局,2024-09-04,安徽省省级知识产权保护专项资金管理办法,附件2：安徽省省级知识产权专项资金管理办法（皖财行〔2024〕870号）.pdf,第九条第六项,https://www.ahzwfw.gov.cn/hqw-bsdt-portal/static/zcwj/detail?id=1851193998144221186,https://www.ahzwfw.gov.cn/hqw-bsdt-portal/static/zcwj/detail?id=1851193998144221186
1961265753564573698,支持外贸优品拓内销,1889138866281324546,安徽省商务厅 安徽省财政厅关于2024年省级外贸促进政策的通知,皖商办贸发函〔2024〕78号,安徽省商务厅 安徽省财政厅,2024-03-20,安徽省商务厅 安徽省财政厅关于2024年省级外贸促进政策的通知,安徽省商务厅 安徽省财政厅关于2024年省级外贸促进政策的通知.pdf,对进出口企业参加省商务厅统一组织或推荐参加的外贸优品拓内销展会活动，给予展位、营销等费用单个企业单场展会活动最高5000元的支持。,https://www.ahzwfw.gov.cn/hqw-bsdt-portal/static/zcwj/detail?id=1889138866281324546,https://www.ahzwfw.gov.cn/hqw-bsdt-portal/static/zcwj/detail?id=1889138866281324546
1932345628012240897,中小微企业地方水利建设基金按90%收取（2025）,1928291318957793282,安徽省人民政府印发 《关于推动经济持续回升向好若干政策举措》的通知,皖政〔2025〕14号,安徽省人民政府,2025-01-25,安徽省人民政府印发 《关于推动经济持续回升向好若干政策举措》的通知,皖政〔2025〕14号.doc,第19条加大助企惠企力度中的“中小微企业地方水利建设基金按90%收取“。,https://www.ahzwfw.gov.cn/hqw-bsdt-portal/static/zcwj/detail?id=1928291318957793282,https://www.ahzwfw.gov.cn/hqw-bsdt-portal/static/zcwj/detail?id=1928291318957793282
1932012488223809538,支持外贸转型升级基地建设,1928291318957793282,安徽省人民政府印发 《关于推动经济持续回升向好若干政策举措》的通知,皖政〔2025〕14号,安徽省人民政府,2025-01-25,安徽省人民政府印发 《关于推动经济持续回升向好若干政策举措》的通知,皖政〔2025〕14号.doc,对新认定或促进产贸融合发展成效明显的外贸转型升级基地给予最高100万元奖补。,https://www.ahzwfw.gov.cn/hqw-bsdt-portal/static/zcwj/detail?id=1928291318957793282,https://www.ahzwfw.gov.cn/hqw-bsdt-portal/static/zcwj/detail?id=1928291318957793282
1674360104799215618,省级特色林业高质量发展示范园资金支持,1674356802422349826,安徽省林业局印发关于开展省级高质量发展示范园建设的实施意见的通知,林产函〔2021〕283号,安徽省林业局,2021-07-20,安徽省林业局印发关于开展省级高质量发展示范园建设的实施意见的通知,安徽省林业局印发关于开展省级高质量发展示范园建设的实施意见的通知.pdf,对新认定的省级特色林业高质量发展示范园给予最高100万元资金支持。,https://www.ahzwfw.gov.cn/hqw-bsdt-portal/static/zcwj/detail?id=1674356802422349826,https://www.ahzwfw.gov.cn/hqw-bsdt-portal/static/zcwj/detail?id=1674356802422349826
1673263954582753281,进出口企业孵化培训经费,1648867098227826690,关于2023年省级外贸促进政策的通知,皖商办贸发函〔2023〕92号,安徽省商务厅 安徽省财政厅,2023-03-22,关于2023年省级外贸促进政策的通知,安徽省商务厅安徽省财政厅关于2023年省级外贸促进政策的通知.pdf,采取政府购买服务等方式，对省级外经贸等主体专题培训、孵化引育、跨境电商等新业态培育、跟踪服务、平台建设等给予一定支持。,https://www.ahzwfw.gov.cn/hqw-bsdt-portal/static/zcwj/detail?id=1648867098227826690,https://www.ahzwfw.gov.cn/hqw-bsdt-portal/static/zcwj/detail?id=1648867098227826690
1673263954582753281,进出口企业孵化培训经费,1641292217456836610,安徽省人民政府印发关于进一步提振市场信心促进经济平稳健康运行若干政策举措的通知,皖政〔2023〕13号,安徽省人民政府,2023-02-28,安徽省人民政府印发关于进一步提振市场信心促进经济平稳健康运行若干政策举措的通知,安徽省人民政府印发关于进一步提振市场信心促进经济平稳健康运行若干政策举措的通知.pdf,统筹整合各类创新创业资金，重点用于多元创业活动、创业路演、创业平台等。,https://www.ahzwfw.gov.cn/hqw-bsdt-portal/static/zcwj/detail?id=1641292217456836610,https://www.ah.gov.cn/public/1681/564217821.html
1672886587251150849,支持中药产业公共服务平台建设,1645272364706877442,安徽省发展改革委关于2023年度省新兴产业发展专项引导资金补助类事项“免申即享”的通知,皖发改产业〔2023〕161号,安徽省发展改革委,2023-04-07,安徽省发展改革委关于2023年度省新兴产业发展专项引导资金补助类事项“免申即享”的通知,安徽省发展改革委关于2023年度省新兴产业发展专项引导资金补助类事项“免申即享”的通知（皖发改产业〔2023〕161号）.pdf,对经评定的中药产业公共服务项目，按其固定资产投入（不含土地投入）的20%予以补助，最高500万元。补助资金采取分期分批拨付方式，项目启动后拨付50%，项目建成运营并通过验收后拨付剩余资金。,https://www.ahzwfw.gov.cn/hqw-bsdt-portal/static/zcwj/detail?id=1645272364706877442,https://www.ahzwfw.gov.cn/hqw-bsdt-portal/static/zcwj/detail?id=1645272364706877442
1672886587251150849,支持中药产业公共服务平台建设,1759836813175209985,安徽省人民政府关于巩固和增强经济回升向好态势若干政策举措,皖政〔2024〕12号,安徽省人民政府,2024-02-08,安徽省人民政府关于巩固和增强经济回升向好态势若干政策举措,关于巩固和增强经济回升向好态势若干政策举措的通知.doc,对产业基础、新材料、中药等领域产业公共服务平台项目给予最高500万元补助。,https://www.ahzwfw.gov.cn/hqw-bsdt-portal/static/zcwj/detail?id=1759836813175209985,https://www.ahzwfw.gov.cn/hqw-bsdt-portal/static/zcwj/detail?id=1759836813175209985
1672884052524191745,实施新能源汽车和智能网联汽车产业技术创新工程,1645272364706877442,安徽省发展改革委关于2023年度省新兴产业发展专项引导资金补助类事项“免申即享”的通知,皖发改产业〔2023〕161号,安徽省发展改革委,2023-04-07,安徽省发展改革委关于2023年度省新兴产业发展专项引导资金补助类事项“免申即享”的通知,安徽省发展改革委关于2023年度省新兴产业发展专项引导资金补助类事项“免申即享”的通知（皖发改产业〔2023〕161号）.pdf,对经审核认定的共性关键技术研发及产业化项目，给予承担单位投入最高20%的补助，单个项目省级补助金额最高1000万元。,https://www.ahzwfw.gov.cn/hqw-bsdt-portal/static/zcwj/detail?id=1645272364706877442,https://www.ahzwfw.gov.cn/hqw-bsdt-portal/static/zcwj/detail?id=1645272364706877442
1672884052524191745,实施新能源汽车和智能网联汽车产业技术创新工程,1641292217456836610,安徽省人民政府印发关于进一步提振市场信心促进经济平稳健康运行若干政策举措的通知,皖政〔2023〕13号,安徽省人民政府,2023-02-28,安徽省人民政府印发关于进一步提振市场信心促进经济平稳健康运行若干政策举措的通知,安徽省人民政府印发关于进一步提振市场信心促进经济平稳健康运行若干政策举措的通知.pdf,安排省新兴产业专项引导资金10亿元，采取补助、贴息等方式，支持十大新兴产业高质量发展。,https://www.ahzwfw.gov.cn/hqw-bsdt-portal/static/zcwj/detail?id=1641292217456836610,https://www.ah.gov.cn/public/1681/564217821.html
1671473427705155586,支持新材料产业重大研发产业化项目,1645272364706877442,安徽省发展改革委关于2023年度省新兴产业发展专项引导资金补助类事项“免申即享”的通知,皖发改产业〔2023〕161号,安徽省发展改革委,2023-04-07,安徽省发展改革委关于2023年度省新兴产业发展专项引导资金补助类事项“免申即享”的通知,安徽省发展改革委关于2023年度省新兴产业发展专项引导资金补助类事项“免申即享”的通知（皖发改产业〔2023〕161号）.pdf,按年度制定新材料研发攻关产业化清单，采取“定绩效目标”“对号入座”方式实施重大研发攻关产业化项目。根据任务清单、绩效目标完成程度、成果形式等情况，按照研发费用和设备投入最高20%给予补助，单个项目省级最高补助500万元。省级补助资金中奖励项目科研团队的比例不低于50%。,https://www.ahzwfw.gov.cn/hqw-bsdt-portal/static/zcwj/detail?id=1645272364706877442,https://www.ahzwfw.gov.cn/hqw-bsdt-portal/static/zcwj/detail?id=1645272364706877442
1671473427705155586,支持新材料产业重大研发产业化项目,1759836813175209985,安徽省人民政府关于巩固和增强经济回升向好态势若干政策举措,皖政〔2024〕12号,安徽省人民政府,2024-02-08,安徽省人民政府关于巩固和增强经济回升向好态势若干政策举措,关于巩固和增强经济回升向好态势若干政策举措的通知.doc,对新材料领域重大研发产业化项目给予最高500万元补助。,https://www.ahzwfw.gov.cn/hqw-bsdt-portal/static/zcwj/detail?id=1759836813175209985,https://www.ahzwfw.gov.cn/hqw-bsdt-portal/static/zcwj/detail?id=1759836813175209985
1671470372817391618,支持人工智能产业创新能力提升,1645272364706877442,安徽省发展改革委关于2023年度省新兴产业发展专项引导资金补助类事项“免申即享”的通知,皖发改产业〔2023〕161号,安徽省发展改革委,2023-04-07,安徽省发展改革委关于2023年度省新兴产业发展专项引导资金补助类事项“免申即享”的通知,安徽省发展改革委关于2023年度省新兴产业发展专项引导资金补助类事项“免申即享”的通知（皖发改产业〔2023〕161号）.pdf,支持创新能力提升。对技术含量高、市场潜力大的研发按照不超过项目研发费用的50%予以补助，单个项目补助最高500万元。,https://www.ahzwfw.gov.cn/hqw-bsdt-portal/static/zcwj/detail?id=1645272364706877442,https://www.ahzwfw.gov.cn/hqw-bsdt-portal/static/zcwj/detail?id=1645272364706877442
1671470372817391618,支持人工智能产业创新能力提升,1641292217456836610,安徽省人民政府印发关于进一步提振市场信心促进经济平稳健康运行若干政策举措的通知,皖政〔2023〕13号,安徽省人民政府,2023-02-28,安徽省人民政府印发关于进一步提振市场信心促进经济平稳健康运行若干政策举措的通知,安徽省人民政府印发关于进一步提振市场信心促进经济平稳健康运行若干政策举措的通知.pdf,安排省新兴产业专项引导资金10亿元，采取补助、贴息等方式，支持十大新兴产业高质量发展。,https://www.ahzwfw.gov.cn/hqw-bsdt-portal/static/zcwj/detail?id=1641292217456836610,https://www.ah.gov.cn/public/1681/564217821.html
1669622490157993986,“未来新徽商”特训营第三方服务费支付,1641292217456836610,安徽省人民政府印发关于进一步提振市场信心促进经济平稳健康运行若干政策举措的通知,皖政〔2023〕13号,安徽省人民政府,2023-02-28,安徽省人民政府印发关于进一步提振市场信心促进经济平稳健康运行若干政策举措的通知,安徽省人民政府印发关于进一步提振市场信心促进经济平稳健康运行若干政策举措的通知.pdf,统筹整合各类创新创业资金，重点用于多元创业活动、创业路演、创业平台等。,https://www.ahzwfw.gov.cn/hqw-bsdt-portal/static/zcwj/detail?id=1641292217456836610,https://www.ah.gov.cn/public/1681/564217821.html
1669622490157993986,“未来新徽商”特训营第三方服务费支付,1554011475789942785,安徽省人民政府关于印发创业安徽行动方案的通知,皖政〔2022〕63号,安徽省人民政府,2022-07-27,安徽省人民政府关于印发创业安徽行动方案的通知,安徽省人民政府关于印发创业安徽行动方案的通知.pdf,升级“未来新徽商特训营”，每年组织400名以上有发展潜质和领军潜力的初创型、成长型、发展型中小微企业负责人和“四带一自”产业帮扶经营主体负责人，到创新创业先进地区开展创业特训。,https://www.ahzwfw.gov.cn/hqw-bsdt-portal/static/zcwj/detail?id=1554011475789942785,https://www.ahzwfw.gov.cn/hqw-bsdt-portal/static/zcwj/detail?id=1554011475789942785
1669148885477412866,省级创业研究院补助,1641292217456836610,安徽省人民政府印发关于进一步提振市场信心促进经济平稳健康运行若干政策举措的通知,皖政〔2023〕13号,安徽省人民政府,2023-02-28,安徽省人民政府印发关于进一步提振市场信心促进经济平稳健康运行若干政策举措的通知,安徽省人民政府印发关于进一步提振市场信心促进经济平稳健康运行若干政策举措的通知.pdf,统筹整合各类创新创业资金，重点用于多元创业活动、创业路演、创业平台等。,https://www.ahzwfw.gov.cn/hqw-bsdt-portal/static/zcwj/detail?id=1641292217456836610,https://www.ah.gov.cn/public/1681/564217821.html
1669148885477412866,省级创业研究院补助,1641292217456836610,安徽省人民政府印发关于进一步提振市场信心促进经济平稳健康运行若干政策举措的通知,皖政〔2023〕13号,安徽省人民政府,2023-02-28,安徽省人民政府印发关于进一步提振市场信心促进经济平稳健康运行若干政策举措的通知,安徽省人民政府印发关于进一步提振市场信心促进经济平稳健康运行若干政策举措的通知.pdf,依托省内高校、公共就业人才服务机构、知名创业服务机构等，遴选认定一批省级创业研究院，最高给予50万元补助。,https://www.ahzwfw.gov.cn/hqw-bsdt-portal/static/zcwj/detail?id=1641292217456836610,https://www.ah.gov.cn/public/1681/564217821.html
1669148885477412866,省级创业研究院补助,1674221215774187522,关于认定首批省级创业研究院的通知,皖人社秘〔2022〕212号,安徽省人力资源和社会保障厅 安徽省教育厅 安徽省财政厅,2022-10-31,关于认定首批省级创业研究院的通知,关于认定首批省级创业研究院的通知.pdf,对于认定的首批省级创业研究院，按照有关规定将给予每家最高50万元的资金资助，根据绩效评价情况，补助资金分3年拨付（2023年最高20万元，2024年最高20万元，2025年最高10万元）。,https://www.ahzwfw.gov.cn/hqw-bsdt-portal/static/zcwj/detail?id=1674221215774187522,https://www.ahzwfw.gov.cn/hqw-bsdt-portal/static/zcwj/detail?id=1674221215774187522
1648508492408086530,支持省内骨干企业与央企、省外大型企业组建联合体,1641292217456836610,安徽省人民政府印发关于进一步提振市场信心促进经济平稳健康运行若干政策举措的通知,皖政〔2023〕13号,安徽省人民政府,2023-02-28,安徽省人民政府印发关于进一步提振市场信心促进经济平稳健康运行若干政策举措的通知,安徽省人民政府印发关于进一步提振市场信心促进经济平稳健康运行若干政策举措的通知.pdf,支持省内骨干企业与央企、省外大型企业组建联合体，参与抽水蓄能电站、跨江越河桥梁隧道、大型机场航站楼等高精尖项目竞争。,https://www.ahzwfw.gov.cn/hqw-bsdt-portal/static/zcwj/detail?id=1641292217456836610,https://www.ah.gov.cn/public/1681/564217821.html
1672888643030536194,支持产业基础共性技术服务平台项目建设,1645272364706877442,安徽省发展改革委关于2023年度省新兴产业发展专项引导资金补助类事项“免申即享”的通知,皖发改产业〔2023〕161号,安徽省发展改革委,2023-04-07,安徽省发展改革委关于2023年度省新兴产业发展专项引导资金补助类事项“免申即享”的通知,安徽省发展改革委关于2023年度省新兴产业发展专项引导资金补助类事项“免申即享”的通知（皖发改产业〔2023〕161号）.pdf,对经评定的产业公共服务平台项目，按其固定资产投入（不含土地投入）的20%予以补助，省级最高补助500万元。,https://www.ahzwfw.gov.cn/hqw-bsdt-portal/static/zcwj/detail?id=1645272364706877442,https://www.ahzwfw.gov.cn/hqw-bsdt-portal/static/zcwj/detail?id=1645272364706877442
1672888643030536194,支持产业基础共性技术服务平台项目建设,1759836813175209985,安徽省人民政府关于巩固和增强经济回升向好态势若干政策举措,皖政〔2024〕12号,安徽省人民政府,2024-02-08,安徽省人民政府关于巩固和增强经济回升向好态势若干政策举措,关于巩固和增强经济回升向好态势若干政策举措的通知.doc,对产业基础、新材料、中药等领域产业公共服务平台项目给予最高500万元补助。,https://www.ahzwfw.gov.cn/hqw-bsdt-portal/static/zcwj/detail?id=1759836813175209985,https://www.ahzwfw.gov.cn/hqw-bsdt-portal/static/zcwj/detail?id=1759836813175209985
2043861402018082817,国家级专精特新“小巨人”企业奖补,1879806772912660481,安徽省制造业优质企业成长计划,皖政〔2024〕90号,安徽省人民政府,2024-12-29,安徽省制造业优质企业成长计划,安徽省人民政府关于印发《安徽省制造业优质企业成长计划》的通知.pdf,对新增的专精特新“小巨人”企业，省级给予一次性奖补100万元,https://www.ahzwfw.gov.cn/hqw-bsdt-portal/static/zcwj/detail?id=1879806772912660481,https://www.ahzwfw.gov.cn/hqw-bsdt-portal/static/zcwj/detail?id=1879806772912660481
2041710785156698114,省专精特新专板奖补,1879806772912660481,安徽省制造业优质企业成长计划,皖政〔2024〕90号,安徽省人民政府,2024-12-29,安徽省制造业优质企业成长计划,安徽省人民政府关于印发《安徽省制造业优质企业成长计划》的通知.pdf,对集中进入省“专精特新”专板培育的专精特新企业，省级给予一次性奖补20万元,https://www.ahzwfw.gov.cn/hqw-bsdt-portal/static/zcwj/detail?id=1879806772912660481,https://www.ahzwfw.gov.cn/hqw-bsdt-portal/static/zcwj/detail?id=1879806772912660481
2034075855456268289,培育卓越级、领航级智能工厂,2026950883933691905,安徽省人民政府办公厅关于印发 《安徽省以新型技术改造推动制造业 高端化智能化绿色化发展行动方案》的通知,皖政办〔2025〕8号,安徽省人民政府办公厅,2025-08-15,安徽省人民政府办公厅关于印发 《安徽省以新型技术改造推动制造业 高端化智能化绿色化发展行动方案》的通知,安徽省人民政府办公厅关于印发《安徽省以新型技术改造推动制造业高端化智能化绿色化发展行动方案》的通知.doc,对获评卓越级、领航级智能工厂的企业分别给予200万元、500万元一次性奖补。,https://www.ahzwfw.gov.cn/hqw-bsdt-portal/static/zcwj/detail?id=2026950883933691905,https://www.ahzwfw.gov.cn/hqw-bsdt-portal/static/zcwj/detail?id=2026950883933691905
2034075855456268289,培育卓越级、领航级智能工厂,2027281495567638530,关于巩固拓展经济稳中向好势头若干政策举措,皖政〔2026〕15号,安徽省人民政府,2026-02-14,关于巩固拓展经济稳中向好势头若干政策举措,皖政〔2026〕15号.doc,获评工信部2O25年度卓越级智能工厂的企业给予200万元一次性奖补。,https://www.ahzwfw.gov.cn/hqw-bsdt-portal/static/zcwj/detail?id=2027281495567638530,https://www.ahzwfw.gov.cn/hqw-bsdt-portal/static/zcwj/detail?id=2027281495567638530
1676490877819985921,新进入中国民营经济500强企业奖补,1641292217456836610,安徽省人民政府印发关于进一步提振市场信心促进经济平稳健康运行若干政策举措的通知,皖政〔2023〕13号,安徽省人民政府,2023-02-28,安徽省人民政府印发关于进一步提振市场信心促进经济平稳健康运行若干政策举措的通知,安徽省人民政府印发关于进一步提振市场信心促进经济平稳健康运行若干政策举措的通知.pdf,对新进入中国民营企业500强的企业给予一次性奖补100万元。,https://www.ahzwfw.gov.cn/hqw-bsdt-portal/static/zcwj/detail?id=1641292217456836610,https://www.ah.gov.cn/public/1681/564217821.html
1676490877819985921,新进入中国民营经济500强企业奖补,1581901187441410050,安徽省人民政府关于印发支持制造强省建设若干政策的通知,皖政〔2017〕53号,安徽省人民政府,2017-04-22,安徽省人民政府关于印发支持制造强省建设若干政策的通知,关于印发支持制造强省建设若干政策的通知.pdf,对主营业务收入首次达到1000亿元、500亿元、100亿元、50亿元和新进入全国制造业500强、民营企业500强的企业，分别一次性奖励企业领导班子100万元、80万元、50万元、30万元、100万元、100万元，其中法人代表不少于40%。,https://www.ahzwfw.gov.cn/hqw-bsdt-portal/static/zcwj/detail?id=1581901187441410050,https://www.ahzwfw.gov.cn/hqw-bsdt-portal/static/zcwj/detail?id=1581901187441410050
1658429755075764226,2023年省级数字化转型典型示范项目,1637974993549049858,安徽省人民政府办公厅关于印发以数字化转型推动制造业高端化智能化绿色化发展实施方案及支持政策的通知,皖政办﹝2023﹞2号,安徽省人民政府办公厅,2023-02-25,安徽省人民政府办公厅关于印发以数字化转型推动制造业高端化智能化绿色化发展实施方案及支持政策的通知,安徽省人民政府办公厅关于印发以数字化转型推动制造业高端化智能化绿色化发展实施方案及支持政策的通知(4).pdf,一、支持“数字领航”企业典型示范,https://www.ahzwfw.gov.cn/hqw-bsdt-portal/static/zcwj/detail?id=1637974993549049858,https://www.ahzwfw.gov.cn/hqw-bsdt-portal/static/zcwj/detail?id=1637974993549049858
1658429755075764226,2023年省级数字化转型典型示范项目,1641292217456836610,安徽省人民政府印发关于进一步提振市场信心促进经济平稳健康运行若干政策举措的通知,皖政〔2023〕13号,安徽省人民政府,2023-02-28,安徽省人民政府印发关于进一步提振市场信心促进经济平稳健康运行若干政策举措的通知,安徽省人民政府印发关于进一步提振市场信心促进经济平稳健康运行若干政策举措的通知.pdf,支持“龙头+产业链”“诊断+软件包”“园区+平台”“行业大脑”复制推广、工业互联网平台“培育+应用”，对省级典型示范项目按照设备购置额10%给予最高500万元补助。,https://www.ahzwfw.gov.cn/hqw-bsdt-portal/static/zcwj/detail?id=1641292217456836610,https://www.ah.gov.cn/public/1681/564217821.html
1656156332857401346,合肥综合性国家科学中心建设奖补,1640255017218277377,合肥综合性国家科学中心办公室关于印发合肥综合性国家科学中心项目支持管理办法的通知,皖国科办〔2020〕1号,合肥综合性国家科学中心办公室,2020-02-11,合肥综合性国家科学中心办公室关于印发合肥综合性国家科学中心项目支持管理办法的通知,新项目管理办法（皖国科办〔2020〕1号）.pdf,第三章,https://www.ahzwfw.gov.cn/hqw-bsdt-portal/static/zcwj/detail?id=1640255017218277377,https://www.ahzwfw.gov.cn/hqw-bsdt-portal/static/zcwj/detail?id=1640255017218277377
1656156332857401346,合肥综合性国家科学中心建设奖补,1641292217456836610,安徽省人民政府印发关于进一步提振市场信心促进经济平稳健康运行若干政策举措的通知,皖政〔2023〕13号,安徽省人民政府,2023-02-28,安徽省人民政府印发关于进一步提振市场信心促进经济平稳健康运行若干政策举措的通知,安徽省人民政府印发关于进一步提振市场信心促进经济平稳健康运行若干政策举措的通知.pdf,省财政统筹安排25亿元，支持合肥综合性国家科学中心建设。,https://www.ahzwfw.gov.cn/hqw-bsdt-portal/static/zcwj/detail?id=1641292217456836610,https://www.ah.gov.cn/public/1681/564217821.html
1655764323181174785,普惠型小微企业贷款风险补偿引导资金,1641292217456836610,安徽省人民政府印发关于进一步提振市场信心促进经济平稳健康运行若干政策举措的通知,皖政〔2023〕13号,安徽省人民政府,2023-02-28,安徽省人民政府印发关于进一步提振市场信心促进经济平稳健康运行若干政策举措的通知,安徽省人民政府印发关于进一步提振市场信心促进经济平稳健康运行若干政策举措的通知.pdf,推动金融机构援企助企。,https://www.ahzwfw.gov.cn/hqw-bsdt-portal/static/zcwj/detail?id=1641292217456836610,https://www.ah.gov.cn/public/1681/564217821.html
1655764323181174785,普惠型小微企业贷款风险补偿引导资金,1655768393035980801,安徽省普惠型小微企业贷款风险补偿引导资金管理暂行办法,皖金〔2023〕7号,省地方金融监管局、省财政厅、人行合肥中心支行、安徽银保监局,2023-01-30,安徽省普惠型小微企业贷款风险补偿 引导资金管理暂行办法,关于印发安徽省普惠型小微企业贷款风险补偿引导资金管理暂行办法的通知.pdf, 风险补偿引导资金补偿对象,https://www.ahzwfw.gov.cn/hqw-bsdt-portal/static/zcwj/detail?id=1655768393035980801,http：//ahjr.ah.gov.cn/publ
1655507928619851777,省级服务业集聚示范园区认定奖补,1640180343910236161,安徽省人民政府关于印发加快发展现代服务业若干政策的通知,皖政〔2018〕85号,安徽省人民政府,2018-09-30,安徽省人民政府关于印发加快发展现代服务业若干政策的通知,皖政〔2018〕85号.docx,对省级现代服务业集聚示范园区，省服务业发展引导资金给予最高300万元奖补，并优先支持申报国家级示范园区。,https://www.ahzwfw.gov.cn/hqw-bsdt-portal/static/zcwj/detail?id=1640180343910236161,https://fzggw.ah.gov.cn/public/7011/140798641.html
1655507928619851777,省级服务业集聚示范园区认定奖补,1641292217456836610,安徽省人民政府印发关于进一步提振市场信心促进经济平稳健康运行若干政策举措的通知,皖政〔2023〕13号,安徽省人民政府,2023-02-28,安徽省人民政府印发关于进一步提振市场信心促进经济平稳健康运行若干政策举措的通知,安徽省人民政府印发关于进一步提振市场信心促进经济平稳健康运行若干政策举措的通知.pdf,新认定服务业集聚示范园区10家左右，省服务业发展引导资金给予一次性奖补。,https://www.ahzwfw.gov.cn/hqw-bsdt-portal/static/zcwj/detail?id=1641292217456836610,https://www.ah.gov.cn/public/1681/564217821.html
1655462147670056962,委托旅行社或具有疗休养资质的文旅企业代办事项预付款比例不低于50%,1641292217456836610,安徽省人民政府印发关于进一步提振市场信心促进经济平稳健康运行若干政策举措的通知,皖政〔2023〕13号,安徽省人民政府,2023-02-28,安徽省人民政府印发关于进一步提振市场信心促进经济平稳健康运行若干政策举措的通知,安徽省人民政府印发关于进一步提振市场信心促进经济平稳健康运行若干政策举措的通知.pdf,落实职工疗休养和带薪休假制度，委托旅行社或具有疗休养资质的文旅企业代理安排交通、住宿、餐饮、会务等事项的，预付款比例不低于50%。,https://www.ahzwfw.gov.cn/hqw-bsdt-portal/static/zcwj/detail?id=1641292217456836610,https://www.ah.gov.cn/public/1681/564217821.html
1655462147670056962,委托旅行社或具有疗休养资质的文旅企业代办事项预付款比例不低于50%,1655459451441422338,关于印发《2023年困难职工精准帮扶提升行动实施方案》《2023年全省工会职工疗休养活动工作方案》《2023年全省工会组织万名农民工、新就业形态劳动者免费体检活动工作方案》的通知,皖工〔2023〕16号,安徽省总工会,2023-03-09,关于印发《2023 年困难职工精准帮扶提升行动 实施方案》《2023 年全省工会职工疗休养活动 工作方案》《2023 年全省工会组织万名农民工、 新就业形态劳动者免费体检活动工作方案》的 通 知,【定】20230314关于印发三个实事方案的通知.pdf,"落实职工疗休养制度和带薪休假制度，各级机关、国有企事业单
位委托旅行社或具有疗休养资质的文旅企业代理安排交通、住
宿、餐饮、会务等事项的，预付款比例不低于 50%。有关落实情
况及时报省总工会权益保障部。",https://www.ahzwfw.gov.cn/hqw-bsdt-portal/static/zcwj/detail?id=1655459451441422338,https://www.ahzwfw.gov.cn/hqw-bsdt-portal/static/zcwj/detail?id=1655459451441422338
1655405731265552385,灵活就业人员增员,1648169544792326146,安徽省医疗保障局安徽省财政厅国家税务总局安徽省税务局关于进一步促进新就业形态劳动者参加基本医疗保险工作的通知,皖医保秘〔2022〕39号,省医保局,2022-05-06,安徽省医疗保障局 安徽省财政厅 国家税务总局安徽省税务局关于进一步促进新就业形态劳动者参加基本医疗保险工作的通知,新就业形态.pdf,灵活就业人员参加职工基本医疗保险，按照上年度全省全口径城镇单位就业人员平均工资的60%为缴费基数，以所在统筹地区灵活就业人员缴费比例缴纳基本医保费。,https://www.ahzwfw.gov.cn/hqw-bsdt-portal/static/zcwj/detail?id=1648169544792326146,https://www.ahzwfw.gov.cn/hqw-bsdt-portal/static/zcwj/detail?id=1648169544792326146
1655405731265552385,灵活就业人员增员,1641292217456836610,安徽省人民政府印发关于进一步提振市场信心促进经济平稳健康运行若干政策举措的通知,皖政〔2023〕13号,安徽省人民政府,2023-02-28,安徽省人民政府印发关于进一步提振市场信心促进经济平稳健康运行若干政策举措的通知,安徽省人民政府印发关于进一步提振市场信心促进经济平稳健康运行若干政策举措的通知.pdf,以灵活就业人员身份参加职工基本医疗保险的，缴费基数按照全省城镇单位就业人员平均工资60%的下限核定。,https://www.ahzwfw.gov.cn/hqw-bsdt-portal/static/zcwj/detail?id=1641292217456836610,https://www.ah.gov.cn/public/1681/564217821.html
1654835803919654914,衔接推进乡村振兴补助资金,1654383951587483649,关于进一步做好项目库建设及2023年度中央和省级财政衔接推进乡村振兴补助资金使用和项目安排的通知（安排衔接全面推进乡村振兴补助资金30亿元以上，优先支持联农带农富农产业发展）,皖乡振发〔2022〕49号,安徽省乡村振兴局  安徽省财政厅  安徽省发展和改革委员会  安徽省民族事务委员会  安徽省林业局  安徽省农垦事业管理局,2022-12-30,关于进一步做好项目库建设及2023年度中央和省级财政衔接推进乡村振兴补助资金使用和项目安排的通知（安排衔接全面推进乡村振兴补助资金30亿元以上，优先支持联农带农富农产业发展）,1.17.+关于进一步做好项目库建设及2023年度中央和省级财政衔接推进乡村振兴补助资金使用和项目安排的通知（皖乡振发〔2022〕49号）.pdf,"1.做好年度项目计划安排。2023年聚焦优先解决巩固拓展脱贫攻坚成果面临的突出问题，重点围绕“两强一增”行动计划，支持一批龙头带动、镇村联建、三产融合、联农带农、促进农民增收、农村集体经济发展的产业项目以及冷链仓储保鲜等产业配套设施项目，鼓励以衔接资金开展“双招双引”，促进品种培育、品牌打造、品质提升和标准化生产，加快补上农业产业技术、设施、营销等短板。
2.健全完善联农带农机制。中央和省级衔接资金优先支持联农带农富农产业发展，让农民群众更多分享产业增值收益。2023年，中央和省级衔接资金用于产业发展的比重均不低于60%，中央衔接资金用于产业发展的比重不低于上年，市县两级衔接资金统筹支持产业发展、基础设施等相关项目，推动均衡发展。衔接资金支持的经营性项目均要建立联农带农机制，通过培育壮大新型经营主体、特色产业园区、村级集体经济、就业帮扶车间、农户庭院经济等方式，带动更多农户特别是脱贫群众和监测对象发展生产、务工就业、资产收益、救助帮扶，有效增强联农带农能力，形成紧密利益联结机制。",https://www.ahzwfw.gov.cn/hqw-bsdt-portal/static/zcwj/detail?id=1654383951587483649,https://www.ahzwfw.gov.cn/hqw-bsdt-portal/static/zcwj/detail?id=1654383951587483649
1654835803919654914,衔接推进乡村振兴补助资金,1641292217456836610,安徽省人民政府印发关于进一步提振市场信心促进经济平稳健康运行若干政策举措的通知,皖政〔2023〕13号,安徽省人民政府,2023-02-28,安徽省人民政府印发关于进一步提振市场信心促进经济平稳健康运行若干政策举措的通知,安徽省人民政府印发关于进一步提振市场信心促进经济平稳健康运行若干政策举措的通知.pdf,2023年，省财政安排衔接全面推进乡村振兴补助资金30亿元以上，优先支持联农带农富农产业发展。,https://www.ahzwfw.gov.cn/hqw-bsdt-portal/static/zcwj/detail?id=1641292217456836610,https://www.ah.gov.cn/public/1681/564217821.html
1654746127493931010,省级跨境电商产业园年度评估优秀奖励,1648867098227826690,关于2023年省级外贸促进政策的通知,皖商办贸发函〔2023〕92号,安徽省商务厅 安徽省财政厅,2023-03-22,关于2023年省级外贸促进政策的通知,安徽省商务厅安徽省财政厅关于2023年省级外贸促进政策的通知.pdf,对2023年新获批的省级跨境电商产业园给予最高100万元资金支持，对年度评估等次为优秀的给予最高30万元资金支持。,https://www.ahzwfw.gov.cn/hqw-bsdt-portal/static/zcwj/detail?id=1648867098227826690,https://www.ahzwfw.gov.cn/hqw-bsdt-portal/static/zcwj/detail?id=1648867098227826690
1654746127493931010,省级跨境电商产业园年度评估优秀奖励,1641292217456836610,安徽省人民政府印发关于进一步提振市场信心促进经济平稳健康运行若干政策举措的通知,皖政〔2023〕13号,安徽省人民政府,2023-02-28,安徽省人民政府印发关于进一步提振市场信心促进经济平稳健康运行若干政策举措的通知,安徽省人民政府印发关于进一步提振市场信心促进经济平稳健康运行若干政策举措的通知.pdf,对新获批省级跨境电商产业园的给予最高100万元资金支持，对年度评估等次为优秀的给予最高30万元资金支持。,https://www.ahzwfw.gov.cn/hqw-bsdt-portal/static/zcwj/detail?id=1641292217456836610,https://www.ah.gov.cn/public/1681/564217821.html
1654391660613378049,电力接入工程“零投资”,1641292217456836610,安徽省人民政府印发关于进一步提振市场信心促进经济平稳健康运行若干政策举措的通知,皖政〔2023〕13号,安徽省人民政府,2023-02-28,安徽省人民政府印发关于进一步提振市场信心促进经济平稳健康运行若干政策举措的通知,安徽省人民政府印发关于进一步提振市场信心促进经济平稳健康运行若干政策举措的通知.pdf,对城镇规划建设用地范围内用户建筑区划红线外电力接入工程实行用户“零投资”,https://www.ahzwfw.gov.cn/hqw-bsdt-portal/static/zcwj/detail?id=1641292217456836610,https://www.ah.gov.cn/public/1681/564217821.html
1654391660613378049,电力接入工程“零投资”,1640168458469048322,安徽省发展改革委安徽省能源局关于进一步做好电力接入工程“零投资”创建一流营商环境的通知,皖发改价格函〔2022〕93号,安徽省发展改革委，安徽省能源局,2022-03-11,安徽省发展改革委安徽省能源局关于进一步做好电力接入工程“零投资”创建一流营商环境的通知,关于进一步做好电力接入工程“零投资”创建一流营商环境的通知.pdf,对城镇规划建设用地范围内用户建筑区划红线外电力接入工程实行用户“零投资”,https://www.ahzwfw.gov.cn/hqw-bsdt-portal/static/zcwj/detail?id=1640168458469048322,https://www.ahzwfw.gov.cn/hqw-bsdt-portal/static/zcwj/detail?id=1640168458469048322
1651056262176743426,租赁公共海外仓资金支持,1648867098227826690,关于2023年省级外贸促进政策的通知,皖商办贸发函〔2023〕92号,安徽省商务厅 安徽省财政厅,2023-03-22,关于2023年省级外贸促进政策的通知,安徽省商务厅安徽省财政厅关于2023年省级外贸促进政策的通知.pdf,对租赁公共海外仓、年海外销售额达200万美元以上，且海外仓年使用费用超过5万美元的，按照海外仓年使用费用给予最高10%的资金支持；对租赁公共海外仓、年海外销售额达500万美元以上，且海外仓年使用费用超过15万美元的，按照海外仓年使用费用给予最高15%的资金支持，对在美国、欧盟、“一带一路”、RCEP等重点、新兴市场租赁海外仓的支持比例提高5个百分点，单个企业可达30万元,https://www.ahzwfw.gov.cn/hqw-bsdt-portal/static/zcwj/detail?id=1648867098227826690,https://www.ahzwfw.gov.cn/hqw-bsdt-portal/static/zcwj/detail?id=1648867098227826690
1651056262176743426,租赁公共海外仓资金支持,1641292217456836610,安徽省人民政府印发关于进一步提振市场信心促进经济平稳健康运行若干政策举措的通知,皖政〔2023〕13号,安徽省人民政府,2023-02-28,安徽省人民政府印发关于进一步提振市场信心促进经济平稳健康运行若干政策举措的通知,安徽省人民政府印发关于进一步提振市场信心促进经济平稳健康运行若干政策举措的通知.pdf,对建设面积2000平方米以上，且年仓库货物交易额300万美元以上的自建海外仓，给予最高200万元的一次性建设资金支持，对租赁公共海外仓、年海外销售额达200万美元以上，且海外仓年使用费用超过5万美元的，给予最高30万元资金支持。,https://www.ahzwfw.gov.cn/hqw-bsdt-portal/static/zcwj/detail?id=1641292217456836610,https://www.ah.gov.cn/public/1681/564217821.html
1651055535010258945,自建海外仓一次性建设资金支持,1648867098227826690,关于2023年省级外贸促进政策的通知,皖商办贸发函〔2023〕92号,安徽省商务厅 安徽省财政厅,2023-03-22,关于2023年省级外贸促进政策的通知,安徽省商务厅安徽省财政厅关于2023年省级外贸促进政策的通知.pdf,对建设面积2000平方米以上，且年仓库货物交易额300万美元以上的海外仓，按当年固定资产投入给予最高5%的支持；对建设面积5000平方米以上，或年仓库货物交易额1000万美元以上的海外仓，按当年固定资产投入给予最高10%的支持，对在美国、欧盟、“一带一路”、RCEP等重点、新兴市场建设海外仓的支持比例提高5个百分点，单个企业可达200万元,https://www.ahzwfw.gov.cn/hqw-bsdt-portal/static/zcwj/detail?id=1648867098227826690,https://www.ahzwfw.gov.cn/hqw-bsdt-portal/static/zcwj/detail?id=1648867098227826690
1651055535010258945,自建海外仓一次性建设资金支持,1641292217456836610,安徽省人民政府印发关于进一步提振市场信心促进经济平稳健康运行若干政策举措的通知,皖政〔2023〕13号,安徽省人民政府,2023-02-28,安徽省人民政府印发关于进一步提振市场信心促进经济平稳健康运行若干政策举措的通知,安徽省人民政府印发关于进一步提振市场信心促进经济平稳健康运行若干政策举措的通知.pdf,对建设面积2000平方米以上，且年仓库货物交易额300万美元以上的自建海外仓，给予最高200万元的一次性建设资金支持，对租赁公共海外仓、年海外销售额达200万美元以上，且海外仓年使用费用超过5万美元的，给予最高30万元资金支持。,https://www.ahzwfw.gov.cn/hqw-bsdt-portal/static/zcwj/detail?id=1641292217456836610,https://www.ah.gov.cn/public/1681/564217821.html
1651054550711967745,企业自行参加境外展会展位费支持,1648867098227826690,关于2023年省级外贸促进政策的通知,皖商办贸发函〔2023〕92号,安徽省商务厅 安徽省财政厅,2023-03-22,关于2023年省级外贸促进政策的通知,安徽省商务厅安徽省财政厅关于2023年省级外贸促进政策的通知.pdf,对企业参加在境外进出口贸易展会，给予最多2个展位（或光地40平方米以内）展位费最高80%的补贴。单个企业支持最高可达60万元，其中单个展会最高5万元。,https://www.ahzwfw.gov.cn/hqw-bsdt-portal/static/zcwj/detail?id=1648867098227826690,https://www.ahzwfw.gov.cn/hqw-bsdt-portal/static/zcwj/detail?id=1648867098227826690
1651054550711967745,企业自行参加境外展会展位费支持,1641292217456836610,安徽省人民政府印发关于进一步提振市场信心促进经济平稳健康运行若干政策举措的通知,皖政〔2023〕13号,安徽省人民政府,2023-02-28,安徽省人民政府印发关于进一步提振市场信心促进经济平稳健康运行若干政策举措的通知,安徽省人民政府印发关于进一步提振市场信心促进经济平稳健康运行若干政策举措的通知.pdf,对进出口6500万美元以上重点企业和省级出口品牌企业自行参加境外展会的给予展位费最高80%支持，单个企业最高60万元，其中单个展会最高5万元。进出口额低于6500万美元的中小企业，由各市参照省级外经贸专项资金补贴比例给予支持。,https://www.ahzwfw.gov.cn/hqw-bsdt-portal/static/zcwj/detail?id=1641292217456836610,https://www.ah.gov.cn/public/1681/564217821.html
1651053743996313601,支持境外统一组展参展,1648867098227826690,关于2023年省级外贸促进政策的通知,皖商办贸发函〔2023〕92号,安徽省商务厅 安徽省财政厅,2023-03-22,关于2023年省级外贸促进政策的通知,安徽省商务厅安徽省财政厅关于2023年省级外贸促进政策的通知.pdf,对省商务厅统一组织的境外线下展、境外经贸对接活动，给予最多2个展位费（或光地40平方米以内）最高80%，人员国际机票费最多2人最高70%补贴，单个企业单个展会最高支持5万元。,https://www.ahzwfw.gov.cn/hqw-bsdt-portal/static/zcwj/detail?id=1648867098227826690,https://www.ahzwfw.gov.cn/hqw-bsdt-portal/static/zcwj/detail?id=1648867098227826690
1651053743996313601,支持境外统一组展参展,1641292217456836610,安徽省人民政府印发关于进一步提振市场信心促进经济平稳健康运行若干政策举措的通知,皖政〔2023〕13号,安徽省人民政府,2023-02-28,安徽省人民政府印发关于进一步提振市场信心促进经济平稳健康运行若干政策举措的通知,安徽省人民政府印发关于进一步提振市场信心促进经济平稳健康运行若干政策举措的通知.pdf,对企业参加省统一组织的线下境外展、境外经贸对接活动，给予展位费最高80%、人员国际机票费最高70%支持。,https://www.ahzwfw.gov.cn/hqw-bsdt-portal/static/zcwj/detail?id=1641292217456836610,https://www.ah.gov.cn/public/1681/564217821.html
1651050148655702018,餐饮企业、品牌便利店、老字号企业1新设直营连锁店奖励,1651041137587822593,安徽省商务厅安徽省财政厅关于2023年商贸流通业发展促进政策的通知,皖商办流通函〔2023〕75号,安徽省商务厅,2023-01-01,安徽省商务厅 安徽省财政厅关于2023年商贸流通业发展促进政策的通知,安徽省商务厅  安徽省财政厅关于省级商贸流通业发展政策项目申报工作的通知.pdf,对便利店、超市（含生鲜超市）品牌连锁企业新设直营连锁店分别达到20家、10家及以上的，或在各市确定的城市一刻钟便民生活圈建设试点社区内新设直营连锁店分别达到10家、5家及以上的，给予不超过项目总投资30%且不超过40万元的补助；对餐饮企业新增单店面积超过3000平方米或新设直营网点达到10家及以上的，以及新增徽菜连锁企业且直营连锁店达到5家及以上的，分别给予不超过项目总投资30%且不超过40万元的补助；对已认定的“中华老字号”、“安徽老字号”企业在申报期内新设直营连锁店达5家及以上的，给予不超过项目总投资30%且不超过40万元的补助。,https://www.ahzwfw.gov.cn/hqw-bsdt-portal/static/zcwj/detail?id=1651041137587822593,https://www.ahzwfw.gov.cn/hqw-bsdt-portal/static/zcwj/detail?id=1651041137587822593
1651050148655702018,餐饮企业、品牌便利店、老字号企业1新设直营连锁店奖励,1641292217456836610,安徽省人民政府印发关于进一步提振市场信心促进经济平稳健康运行若干政策举措的通知,皖政〔2023〕13号,安徽省人民政府,2023-02-28,安徽省人民政府印发关于进一步提振市场信心促进经济平稳健康运行若干政策举措的通知,安徽省人民政府印发关于进一步提振市场信心促进经济平稳健康运行若干政策举措的通知.pdf,对省级特色商业街升级改造项目按一定比例给予补助，最高60万元。对符合条件的餐饮企业、品牌便利店、老字号企业新设直营连锁店的，给予最高40万元奖励。,https://www.ahzwfw.gov.cn/hqw-bsdt-portal/static/zcwj/detail?id=1641292217456836610,https://www.ah.gov.cn/public/1681/564217821.html
1651048971562033154,省级特色商业街升级改造奖励,1651041137587822593,安徽省商务厅安徽省财政厅关于2023年商贸流通业发展促进政策的通知,皖商办流通函〔2023〕75号,安徽省商务厅,2023-01-01,安徽省商务厅 安徽省财政厅关于2023年商贸流通业发展促进政策的通知,安徽省商务厅  安徽省财政厅关于省级商贸流通业发展政策项目申报工作的通知.pdf,支持各地围绕优化街区环境、提高商业质量、打造智慧街区等升级改造特色商业街区。对已认定的“安徽特色商业街”开展的进一步升级改造（包括提升夜市品质）项目给予不超过项目总投资30%且不超过60万元的补助。,https://www.ahzwfw.gov.cn/hqw-bsdt-portal/static/zcwj/detail?id=1651041137587822593,https://www.ahzwfw.gov.cn/hqw-bsdt-portal/static/zcwj/detail?id=1651041137587822593
1651048971562033154,省级特色商业街升级改造奖励,1641292217456836610,安徽省人民政府印发关于进一步提振市场信心促进经济平稳健康运行若干政策举措的通知,皖政〔2023〕13号,安徽省人民政府,2023-02-28,安徽省人民政府印发关于进一步提振市场信心促进经济平稳健康运行若干政策举措的通知,安徽省人民政府印发关于进一步提振市场信心促进经济平稳健康运行若干政策举措的通知.pdf,对省级特色商业街升级改造项目按一定比例给予补助，最高60万元。对符合条件的餐饮企业、品牌便利店、老字号企业新设直营连锁店的，给予最高40万元奖励。,https://www.ahzwfw.gov.cn/hqw-bsdt-portal/static/zcwj/detail?id=1641292217456836610,https://www.ah.gov.cn/public/1681/564217821.html
1651041647720046594,企业承揽境外工程项目资金支持,1648870586559160322,关于2023年对外投资合作促进政策的通知,皖商办外经函〔2023〕77号,安徽省商务厅 安徽省财政厅,2023-03-08,关于2023年对外投资合作促进政策的通知,皖商办外经函〔2023〕77号.pdf,对2023年实施的合同额1000万美元以上的项目，根据当年度实际完成营业额按比例给予不超过100万元的补助。,https://www.ahzwfw.gov.cn/hqw-bsdt-portal/static/zcwj/detail?id=1648870586559160322,https://www.ahzwfw.gov.cn/hqw-bsdt-portal/static/zcwj/detail?id=1648870586559160322
1651041647720046594,企业承揽境外工程项目资金支持,1641292217456836610,安徽省人民政府印发关于进一步提振市场信心促进经济平稳健康运行若干政策举措的通知,皖政〔2023〕13号,安徽省人民政府,2023-02-28,安徽省人民政府印发关于进一步提振市场信心促进经济平稳健康运行若干政策举措的通知,安徽省人民政府印发关于进一步提振市场信心促进经济平稳健康运行若干政策举措的通知.pdf,支持企业承揽境外工程，对当年实施的合同额1000万美元以上且符合条件的项目，给予最高100万元的资金支持。,https://www.ahzwfw.gov.cn/hqw-bsdt-portal/static/zcwj/detail?id=1641292217456836610,https://www.ah.gov.cn/public/1681/564217821.html
1651040826118807554,投资“一带一路”沿线国家和地区、开展国际产能和装备制造合作的实体经济项目资金支持,1648870586559160322,关于2023年对外投资合作促进政策的通知,皖商办外经函〔2023〕77号,安徽省商务厅 安徽省财政厅,2023-03-08,关于2023年对外投资合作促进政策的通知,皖商办外经函〔2023〕77号.pdf,对2023年实际投资单个境外企业100万美元以上的项目，根据企业实际投资额按比例给予不超过200万元的补助。,https://www.ahzwfw.gov.cn/hqw-bsdt-portal/static/zcwj/detail?id=1648870586559160322,https://www.ahzwfw.gov.cn/hqw-bsdt-portal/static/zcwj/detail?id=1648870586559160322
1651040826118807554,投资“一带一路”沿线国家和地区、开展国际产能和装备制造合作的实体经济项目资金支持,1641292217456836610,安徽省人民政府印发关于进一步提振市场信心促进经济平稳健康运行若干政策举措的通知,皖政〔2023〕13号,安徽省人民政府,2023-02-28,安徽省人民政府印发关于进一步提振市场信心促进经济平稳健康运行若干政策举措的通知,安徽省人民政府印发关于进一步提振市场信心促进经济平稳健康运行若干政策举措的通知.pdf,支持企业赴境外开展交流合作，鼓励企业开展境外投资和参与“两国双园”建设，对符合条件的投资“一带一路”沿线国家和地区、开展国际产能和装备制造合作的实体经济项目，给予最高200万元的资金支持。,https://www.ahzwfw.gov.cn/hqw-bsdt-portal/static/zcwj/detail?id=1641292217456836610,https://www.ah.gov.cn/public/1681/564217821.html
1651039237320646658,新获批省级跨境电商产业园奖励,1648867098227826690,关于2023年省级外贸促进政策的通知,皖商办贸发函〔2023〕92号,安徽省商务厅 安徽省财政厅,2023-03-22,关于2023年省级外贸促进政策的通知,安徽省商务厅安徽省财政厅关于2023年省级外贸促进政策的通知.pdf,对2023年新获批的省级跨境电商产业园给予最高100万元资金支持，对年度评估等次为优秀的给予最高30万元资金支持。,https://www.ahzwfw.gov.cn/hqw-bsdt-portal/static/zcwj/detail?id=1648867098227826690,https://www.ahzwfw.gov.cn/hqw-bsdt-portal/static/zcwj/detail?id=1648867098227826690
1651039237320646658,新获批省级跨境电商产业园奖励,1759836813175209985,安徽省人民政府关于巩固和增强经济回升向好态势若干政策举措,皖政〔2024〕12号,安徽省人民政府,2024-02-08,安徽省人民政府关于巩固和增强经济回升向好态势若干政策举措,关于巩固和增强经济回升向好态势若干政策举措的通知.doc,对新获批省级跨境电商产业园的给予最高100万元资金支持。,https://www.ahzwfw.gov.cn/hqw-bsdt-portal/static/zcwj/detail?id=1759836813175209985,https://www.ahzwfw.gov.cn/hqw-bsdt-portal/static/zcwj/detail?id=1759836813175209985
1651037459199991809,中小企业“信保贷”融资贷款贴息,1648867098227826690,关于2023年省级外贸促进政策的通知,皖商办贸发函〔2023〕92号,安徽省商务厅 安徽省财政厅,2023-03-22,关于2023年省级外贸促进政策的通知,安徽省商务厅安徽省财政厅关于2023年省级外贸促进政策的通知.pdf,对上年度出口额1000万美元以下的中小企业向商业银行申请的依托出口信用险保单增信发放的融资业务，按照融资到期日的利息实际发生额，给予不超过30%的贴息，单个企业最高可达10万元。,https://www.ahzwfw.gov.cn/hqw-bsdt-portal/static/zcwj/detail?id=1648867098227826690,https://www.ahzwfw.gov.cn/hqw-bsdt-portal/static/zcwj/detail?id=1648867098227826690
1651037459199991809,中小企业“信保贷”融资贷款贴息,1641292217456836610,安徽省人民政府印发关于进一步提振市场信心促进经济平稳健康运行若干政策举措的通知,皖政〔2023〕13号,安徽省人民政府,2023-02-28,安徽省人民政府印发关于进一步提振市场信心促进经济平稳健康运行若干政策举措的通知,安徽省人民政府印发关于进一步提振市场信心促进经济平稳健康运行若干政策举措的通知.pdf,对出口500万美元以下的小微企业实行基本风险统保，对出口1000万美元以内的中小企业“信保贷”融资贷款业务给予最高30%贴息，单个企业最高10万元。,https://www.ahzwfw.gov.cn/hqw-bsdt-portal/static/zcwj/detail?id=1641292217456836610,https://www.ah.gov.cn/public/1681/564217821.html
1651035817062866946,小微企业基本风险统保,1648867098227826690,关于2023年省级外贸促进政策的通知,皖商办贸发函〔2023〕92号,安徽省商务厅 安徽省财政厅,2023-03-22,关于2023年省级外贸促进政策的通知,安徽省商务厅安徽省财政厅关于2023年省级外贸促进政策的通知.pdf,对2023年出口额500万美元以下的小微企业，实行出口信用险基本风险统保，对企业缴纳的出口信保费给予100%补贴。,https://www.ahzwfw.gov.cn/hqw-bsdt-portal/static/zcwj/detail?id=1648867098227826690,https://www.ahzwfw.gov.cn/hqw-bsdt-portal/static/zcwj/detail?id=1648867098227826690
1651035817062866946,小微企业基本风险统保,1641292217456836610,安徽省人民政府印发关于进一步提振市场信心促进经济平稳健康运行若干政策举措的通知,皖政〔2023〕13号,安徽省人民政府,2023-02-28,安徽省人民政府印发关于进一步提振市场信心促进经济平稳健康运行若干政策举措的通知,安徽省人民政府印发关于进一步提振市场信心促进经济平稳健康运行若干政策举措的通知.pdf,"对出口500万美元以下的小微企业实行基本风险统保，对出口1000万美元以内的中小企业“信保贷”融资贷款业务给予最高30%贴息，单个企业最高10万元。

",https://www.ahzwfw.gov.cn/hqw-bsdt-portal/static/zcwj/detail?id=1641292217456836610,https://www.ah.gov.cn/public/1681/564217821.html
1651032733729333249,国际市场资信调查费支持,1648867098227826690,关于2023年省级外贸促进政策的通知,皖商办贸发函〔2023〕92号,安徽省商务厅 安徽省财政厅,2023-03-22,关于2023年省级外贸促进政策的通知,安徽省商务厅安徽省财政厅关于2023年省级外贸促进政策的通知.pdf,对企业开展国际市场资信调查的，给予资信调查费50%支持，单个企业最高10万元。,https://www.ahzwfw.gov.cn/hqw-bsdt-portal/static/zcwj/detail?id=1648867098227826690,https://www.ahzwfw.gov.cn/hqw-bsdt-portal/static/zcwj/detail?id=1648867098227826690
1651032733729333249,国际市场资信调查费支持,1641292217456836610,安徽省人民政府印发关于进一步提振市场信心促进经济平稳健康运行若干政策举措的通知,皖政〔2023〕13号,安徽省人民政府,2023-02-28,安徽省人民政府印发关于进一步提振市场信心促进经济平稳健康运行若干政策举措的通知,安徽省人民政府印发关于进一步提振市场信心促进经济平稳健康运行若干政策举措的通知.pdf,"对企业开展国际市场资信调查的给予资信调查费50%支持，单个企业最高10万元。
",https://www.ahzwfw.gov.cn/hqw-bsdt-portal/static/zcwj/detail?id=1641292217456836610,https://www.ah.gov.cn/public/1681/564217821.html
1650811280551485441,服务合肥国际陆港中欧、中亚班列的集装箱运输车辆ETC通行费优惠,1641292217456836610,安徽省人民政府印发关于进一步提振市场信心促进经济平稳健康运行若干政策举措的通知,皖政〔2023〕13号,安徽省人民政府,2023-02-28,安徽省人民政府印发关于进一步提振市场信心促进经济平稳健康运行若干政策举措的通知,安徽省人民政府印发关于进一步提振市场信心促进经济平稳健康运行若干政策举措的通知.pdf,"进出合肥港、芜湖港、蚌埠港、安庆港港口的运输国际标准集装箱车辆以及进出合肥国际陆港的中欧亚班列国际标准集装箱运输车辆，通行安徽省联网高速公路并在规定的收费站进出，按批复收费标准50%收取车辆通行费，执行期限暂定至2023年12月31日。港口优惠车辆、班列优惠车辆须具备以下条件，方可享受优惠政策：（一）须运输国际标准集装箱。（二）须为合法装载的专用ETC套装用户车辆，ETC设备完好且通行收费站ETC车道。（三）须提前通过国家统一预约平台进行预约，预约成功后24小时以内开始执行运输行程。

",https://www.ahzwfw.gov.cn/hqw-bsdt-portal/static/zcwj/detail?id=1641292217456836610,https://www.ah.gov.cn/public/1681/564217821.html
1650811280551485441,服务合肥国际陆港中欧、中亚班列的集装箱运输车辆ETC通行费优惠,1651864912109674497,关于印发《安徽省主要港口和中欧亚班列国际标准集装箱运输车辆高速公路差异化收费操作细则（试行）》的通知,皖交路函〔2021〕419号,安徽省交通运输厅,2021-10-19,关于印发《安徽省主要港口和中欧亚班列国际标准集装箱运输车辆高速公路差异化收费操作细则（试行）》的通知,安徽省主要港口和中欧亚班列国际标准集装箱运输车辆高速公路差异化收费操作细则（试行）.pdf,进出合肥港、芜湖港、蚌埠港、安庆港港口的运输国际标准集装箱车辆以及进出合肥国际陆港的中欧亚班列国际标准集装箱运输车辆，通行安徽省联网高速公路并在规定的收费站进出，按批复收费标准50%收取车辆通行费,https://www.ahzwfw.gov.cn/hqw-bsdt-portal/static/zcwj/detail?id=1651864912109674497,https://www.ahzwfw.gov.cn/hqw-bsdt-portal/static/zcwj/detail?id=1651864912109674497
1650429614762926082,用地计划指标保障,1654318124800581633,安徽省自然资源厅关于2023年新增建设用地计划指标预安排的通知,皖自然资管〔2023〕1号,安徽省自然资源厅,2023-01-06,安徽省自然资源厅关于2023年新增建设用地计划指标预安排的通知,2023年计划预安排通知.pdf,2023年全省各类建设项目用地计划安排方式，与2022年基本保持不变。对未纳入国家和省重大项目清单的项目，使用2023年当地存量土地处置规模为基础核定的新增建设用地计划指标。各地处置存量土地核定的新增建设用地计划指标、单列国家和省脱贫县巩固脱贫攻坚专项计划指标，均按照2022年新增建设用地计划指标总量的50%进行预安排。,https://www.ahzwfw.gov.cn/hqw-bsdt-portal/static/zcwj/detail?id=1654318124800581633,https://www.ahzwfw.gov.cn/hqw-bsdt-portal/static/zcwj/detail?id=1654318124800581633
1650429614762926082,用地计划指标保障,1654317257233965058,关于积极做好用地用海要素保障的通知,自然资发〔2022〕129号,自然资源部,2022-08-02,关于积极做好用地用海要素保障的通知,关于积极做好用地用海要素保障的通知.pdf,分期分段办理农用地转用和土地征收。确需分期建设的项目，可根据可行性研究报告确定的方案或可行性研究批复中明确的分期建设内容，分期申请建设用地。线性基础设施建设项目正式报批用地时，可根据用地报批组卷进度，以市（地、州、盟）分段报批用地。农用地转用和土地征收均在省级人民政府权限内的，可以县（市、区）为单位分段报批用地。,https://www.ahzwfw.gov.cn/hqw-bsdt-portal/static/zcwj/detail?id=1654317257233965058,https://www.ahzwfw.gov.cn/hqw-bsdt-portal/static/zcwj/detail?id=1654317257233965058
1650429614762926082,用地计划指标保障,1641292217456836610,安徽省人民政府印发关于进一步提振市场信心促进经济平稳健康运行若干政策举措的通知,皖政〔2023〕13号,安徽省人民政府,2023-02-28,安徽省人民政府印发关于进一步提振市场信心促进经济平稳健康运行若干政策举措的通知,安徽省人民政府印发关于进一步提振市场信心促进经济平稳健康运行若干政策举措的通知.pdf,省对重点项目给予用地计划指标预安排，允许重大项目分期分段办理农用地转用和土地征收。,https://www.ahzwfw.gov.cn/hqw-bsdt-portal/static/zcwj/detail?id=1641292217456836610,https://www.ah.gov.cn/public/1681/564217821.html
1650323121128513538,降低收取船闸费,1646436677091508225,安徽省发展改革委安徽省水利厅安徽省交通运输厅关于继续执行河道船闸船舶过闸费优惠政策的通知,皖发改收费〔2019〕148号,安徽省发展改革委安徽省水利厅安徽省交通运输厅,2019-03-25,安徽省发展改革委安徽省水利厅安徽省交通运输厅关于继续执行河道船闸船舶过闸费优惠政策的通知,安徽省发展改革委安徽省水利厅安徽省交通运输厅关于继续执行河道船闸船舶过闸费优惠政策的通知.pdf,船闸收费继续执行下调10%政策,https://www.ahzwfw.gov.cn/hqw-bsdt-portal/static/zcwj/detail?id=1646436677091508225,https://www.ahzwfw.gov.cn/hqw-bsdt-portal/static/zcwj/detail?id=1646436677091508225
1650323121128513538,降低收取船闸费,1641292217456836610,安徽省人民政府印发关于进一步提振市场信心促进经济平稳健康运行若干政策举措的通知,皖政〔2023〕13号,安徽省人民政府,2023-02-28,安徽省人民政府印发关于进一步提振市场信心促进经济平稳健康运行若干政策举措的通知,安徽省人民政府印发关于进一步提振市场信心促进经济平稳健康运行若干政策举措的通知.pdf,船闸收费继续执行下调10%政策。,https://www.ahzwfw.gov.cn/hqw-bsdt-portal/static/zcwj/detail?id=1641292217456836610,https://www.ah.gov.cn/public/1681/564217821.html
1648989910850527233,2023年度省新兴产业发展专项引导资金补助类事项,1645272364706877442,安徽省发展改革委关于2023年度省新兴产业发展专项引导资金补助类事项“免申即享”的通知,皖发改产业〔2023〕161号,安徽省发展改革委,2023-04-07,安徽省发展改革委关于2023年度省新兴产业发展专项引导资金补助类事项“免申即享”的通知,安徽省发展改革委关于2023年度省新兴产业发展专项引导资金补助类事项“免申即享”的通知（皖发改产业〔2023〕161号）.pdf,详见政策文件,https://www.ahzwfw.gov.cn/hqw-bsdt-portal/static/zcwj/detail?id=1645272364706877442,https://www.ahzwfw.gov.cn/hqw-bsdt-portal/static/zcwj/detail?id=1645272364706877442
1648989910850527233,2023年度省新兴产业发展专项引导资金补助类事项,1641292217456836610,安徽省人民政府印发关于进一步提振市场信心促进经济平稳健康运行若干政策举措的通知,皖政〔2023〕13号,安徽省人民政府,2023-02-28,安徽省人民政府印发关于进一步提振市场信心促进经济平稳健康运行若干政策举措的通知,安徽省人民政府印发关于进一步提振市场信心促进经济平稳健康运行若干政策举措的通知.pdf,安排省新兴产业专项引导资金10亿元，采取补助、贴息等方式，支持十大新兴产业高质量发展。,https://www.ahzwfw.gov.cn/hqw-bsdt-portal/static/zcwj/detail?id=1641292217456836610,https://www.ah.gov.cn/public/1681/564217821.html
1648890250190315522,项目环评承诺制审批,1582614867778531329,安徽省生态环境厅关于强化生态环境保障和服务助力稳经济若干措施的通知,皖环发〔2022〕34号,安徽省生态环境厅,2022-06-12, 安徽省生态环境厅关于强化生态环境保障和服务助力稳经济若干措施的通知,安徽省生态环境厅关于强化生态环境保障和服务助力稳经济若干措施的通知.docx,在区域环境质量改善的情况下，地方政府书面承诺兑现排污总量指标来源，不再将项目总量指标现有替代来源作为受理和审批建设项目环评文件的要件。有审批权的部门将依据地方政府承诺受理环评文件，并按照法定流程和时限完成审批。,https://www.ahzwfw.gov.cn/hqw-bsdt-portal/static/zcwj/detail?id=1582614867778531329,https://www.ahzwfw.gov.cn/hqw-bsdt-portal/static/zcwj/detail?id=1582614867778531329
1648890250190315522,项目环评承诺制审批,1641292217456836610,安徽省人民政府印发关于进一步提振市场信心促进经济平稳健康运行若干政策举措的通知,皖政〔2023〕13号,安徽省人民政府,2023-02-28,安徽省人民政府印发关于进一步提振市场信心促进经济平稳健康运行若干政策举措的通知,安徽省人民政府印发关于进一步提振市场信心促进经济平稳健康运行若干政策举措的通知.pdf,当地政府承诺兑现排污总量指标来源、区域环境质量改善后，可实施项目环评承诺制审批。,https://www.ahzwfw.gov.cn/hqw-bsdt-portal/static/zcwj/detail?id=1641292217456836610,https://www.ah.gov.cn/public/1681/564217821.html
1648603743609085953,客运、货运、新增过夜飞机、机场运营补助,1641292217456836610,安徽省人民政府印发关于进一步提振市场信心促进经济平稳健康运行若干政策举措的通知,皖政〔2023〕13号,安徽省人民政府,2023-02-28,安徽省人民政府印发关于进一步提振市场信心促进经济平稳健康运行若干政策举措的通知,安徽省人民政府印发关于进一步提振市场信心促进经济平稳健康运行若干政策举措的通知.pdf,16﹒支持服务业高质量发展。,https://www.ahzwfw.gov.cn/hqw-bsdt-portal/static/zcwj/detail?id=1641292217456836610,https://www.ah.gov.cn/public/1681/564217821.html
1648603743609085953,客运、货运、新增过夜飞机、机场运营补助,1651768088199864322,安徽省交通运输厅安徽省财政厅关于印发安徽省民航发展专项资金使用管理办法的通知,皖交民航〔2022〕144号,安徽省交通运输厅  安徽省财政厅,2022-09-30,安徽省交通运输厅 安徽省财政厅关于印发安徽省民航发展专项资金使用管理办法的通知,省交通运输厅省财政厅关于印发安徽省民航发展专项资金使用管理办法的通知.pdf,全文,https://www.ahzwfw.gov.cn/hqw-bsdt-portal/static/zcwj/detail?id=1651768088199864322,https://www.ahzwfw.gov.cn/hqw-bsdt-portal/static/zcwj/detail?id=1651768088199864322
1648586846054309889,进出合肥港、芜湖港、蚌埠港、安庆港和马鞍山钢的集装箱运输车辆ETC通行费优惠,1641292217456836610,安徽省人民政府印发关于进一步提振市场信心促进经济平稳健康运行若干政策举措的通知,皖政〔2023〕13号,安徽省人民政府,2023-02-28,安徽省人民政府印发关于进一步提振市场信心促进经济平稳健康运行若干政策举措的通知,安徽省人民政府印发关于进一步提振市场信心促进经济平稳健康运行若干政策举措的通知.pdf,对进出合肥港、芜湖港、蚌埠港、安庆港和马鞍山港的合法装载ETC套装集装箱运输车辆，对服务合肥国际陆港中欧、中亚班列的合法装载ETC套装集装箱运输车辆，在规定的收费站点通行，给予省内高速公路实际通行费五折优惠。,https://www.ahzwfw.gov.cn/hqw-bsdt-portal/static/zcwj/detail?id=1641292217456836610,https://www.ah.gov.cn/public/1681/564217821.html
1648586846054309889,进出合肥港、芜湖港、蚌埠港、安庆港和马鞍山钢的集装箱运输车辆ETC通行费优惠,1651864912109674497,关于印发《安徽省主要港口和中欧亚班列国际标准集装箱运输车辆高速公路差异化收费操作细则（试行）》的通知,皖交路函〔2021〕419号,安徽省交通运输厅,2021-10-19,关于印发《安徽省主要港口和中欧亚班列国际标准集装箱运输车辆高速公路差异化收费操作细则（试行）》的通知,安徽省主要港口和中欧亚班列国际标准集装箱运输车辆高速公路差异化收费操作细则（试行）.pdf,对进出合肥港、芜湖港、蚌埠港、安庆港和马鞍山港的合法装载ETC套装集装箱运输车辆，对服务合肥国际陆港中欧、中亚班列的合法装载ETC套装集装箱运输车辆，在规定的收费站点通行，给予省内高速公路实际通行费五折优惠。,https://www.ahzwfw.gov.cn/hqw-bsdt-portal/static/zcwj/detail?id=1651864912109674497,https://www.ahzwfw.gov.cn/hqw-bsdt-portal/static/zcwj/detail?id=1651864912109674497
1648583442309505026,房产税、城镇土地使用税困难性减免,1636162587625574401,国家税务总局安徽省税务局关于加强 城镇土地使用税房产税困难减免 管理有关问题的公告,2022年第4号,皖税,2022-09-30,国家税务总局安徽省税务局关于加强 城镇土地使用税房产税困难减免 管理有关问题的公告,国家税务总局安徽省税务局关于加强城镇土地使用税+房产税困难减免管理有关问题的公告+-+副本.pdf,"纳税人符合下列情形之一， 纳税确有困难的， 可以申请享受困难减免：
（一）因风、火、水、地震等自然灾害或其他不可抗力因素遭受重大损失的；
（二）承担县级以上人民政府任务、从事国家鼓励和扶持产业或社会公益事业发生严重亏损的；
（三）因城市建设、环境整治等， 土地、房产不能正常使用的；
（四）全面停产、停业连续半年以上的；
（五）关闭、撤销、破产等导致土地、房产闲置不用的；
（六）县级以上人民政府准予困难减免的其他情形。",https://www.ahzwfw.gov.cn/hqw-bsdt-portal/static/zcwj/detail?id=1636162587625574401,https://www.ahzwfw.gov.cn/hqw-bsdt-portal/static/zcwj/detail?id=1636162587625574401
1648583442309505026,房产税、城镇土地使用税困难性减免,1641292217456836610,安徽省人民政府印发关于进一步提振市场信心促进经济平稳健康运行若干政策举措的通知,皖政〔2023〕13号,安徽省人民政府,2023-02-28,安徽省人民政府印发关于进一步提振市场信心促进经济平稳健康运行若干政策举措的通知,安徽省人民政府印发关于进一步提振市场信心促进经济平稳健康运行若干政策举措的通知.pdf,其他行业纳税人生产经营确有困难的，可申请减免房产税、城镇土地使用税,https://www.ahzwfw.gov.cn/hqw-bsdt-portal/static/zcwj/detail?id=1641292217456836610,https://www.ah.gov.cn/public/1681/564217821.html
1648535550433615874,新能源汽车免征车辆购置税,1646781449714974721,财政部税务总局工业和信息化部关于延续新能源汽车免征车辆购置税政策的公告,财政部税务总局工业和信息化部公告2022年第27号,财政部 税务总局 工业和信息化部,2022-09-18,财政部 税务总局 工业和信息化部关于延续新能源汽车免征车辆购置税政策的公告,2022年发布23年免征：财政部 税务总局 工业和信息化部关于延续新能源汽车免征车辆购置税政策的公告(财政部？税务总局？工业和信息化部公告2022年第27号).doc,对购置日期在2023年1月1日至2023年12月31日期间内的新能源汽车，免征车辆购置税。购置日期按照机动车销售统一发票或海关关税专用缴款书等有效凭证的开具日期确定。,https://www.ahzwfw.gov.cn/hqw-bsdt-portal/static/zcwj/detail?id=1646781449714974721,https://www.ahzwfw.gov.cn/hqw-bsdt-portal/static/zcwj/detail?id=1646781449714974721
1648535550433615874,新能源汽车免征车辆购置税,1641292217456836610,安徽省人民政府印发关于进一步提振市场信心促进经济平稳健康运行若干政策举措的通知,皖政〔2023〕13号,安徽省人民政府,2023-02-28,安徽省人民政府印发关于进一步提振市场信心促进经济平稳健康运行若干政策举措的通知,安徽省人民政府印发关于进一步提振市场信心促进经济平稳健康运行若干政策举措的通知.pdf,对购置日期在2023年1月1日至2023年12月31日期间内的新能源汽车，免征车辆购置税。,https://www.ahzwfw.gov.cn/hqw-bsdt-portal/static/zcwj/detail?id=1641292217456836610,https://www.ah.gov.cn/public/1681/564217821.html
1648509482934919170,政府投资项目施工过程结算款支付比例不低于85%,1641292217456836610,安徽省人民政府印发关于进一步提振市场信心促进经济平稳健康运行若干政策举措的通知,皖政〔2023〕13号,安徽省人民政府,2023-02-28,安徽省人民政府印发关于进一步提振市场信心促进经济平稳健康运行若干政策举措的通知,安徽省人民政府印发关于进一步提振市场信心促进经济平稳健康运行若干政策举措的通知.pdf,优化工程价款结算，政府投资项目施工过程结算款支付比例不低于85%。,https://www.ahzwfw.gov.cn/hqw-bsdt-portal/static/zcwj/detail?id=1641292217456836610,https://www.ah.gov.cn/public/1681/564217821.html
1648509482934919170,政府投资项目施工过程结算款支付比例不低于85%,1655765285077688322,关于切实加强全省房屋建筑和市政基础设施工程招标投标活动管理的通知,建市函〔2022〕453号,安徽省住房和城乡建设厅,2022-06-06,关于切实加强全省房屋建筑和市政基础设施工程招标投标活动管理的通知,,优化工程价款结算，政府投资项目施工过程结算款支付比例不低于85%。,https://www.ahzwfw.gov.cn/hqw-bsdt-portal/static/zcwj/detail?id=1655765285077688322,https://www.ahzwfw.gov.cn/hqw-bsdt-portal/static/zcwj/detail?id=1655765285077688322
1648507112180080642,“评定分离”试点,1641292217456836610,安徽省人民政府印发关于进一步提振市场信心促进经济平稳健康运行若干政策举措的通知,皖政〔2023〕13号,安徽省人民政府,2023-02-28,安徽省人民政府印发关于进一步提振市场信心促进经济平稳健康运行若干政策举措的通知,安徽省人民政府印发关于进一步提振市场信心促进经济平稳健康运行若干政策举措的通知.pdf,在水利、公路、机场、铁路、电力、通信等专业市场领域开展“评定分离”试点。,https://www.ahzwfw.gov.cn/hqw-bsdt-portal/static/zcwj/detail?id=1641292217456836610,https://www.ah.gov.cn/public/1681/564217821.html
1648507112180080642,“评定分离”试点,1655763194921787394,关于进一步做好房建市政工程建设领域“评定分离”试点工作的通知,建市函〔2022〕715号,安徽省住房与城乡建设厅,2022-10-25,关于进一步做好房建市政工程建设领域“评定分离”试点工作的通知,关于进一步做好房建市政工程建设领域“评定分离”试点工作的通知.docx,在水利、公路、机场、铁路、电力、通信等专业市场领域开展“评定分离”试点。,https://www.ahzwfw.gov.cn/hqw-bsdt-portal/static/zcwj/detail?id=1655763194921787394,https://www.ahzwfw.gov.cn/hqw-bsdt-portal/static/zcwj/detail?id=1655763194921787394
1648196193315373058,“两业融合”示范类项目补助,1648197404802334721,安徽省发展改革委关于印发安徽省服务业发展引导资金管理办法试行（修订）的通知,皖发改贸服〔2016〕328号,安徽省发展改革委,2016-06-02,安徽省发展改革委关于印发安徽省服务业发展引导资金管理办法试行（修订）的通知,《安徽省发展改革委关于印发安徽省服务业发展引导资金管理办法试行（修订）的通知》（皖发改贸服〔2016〕328号）.pdf,采用投资补助方式支持的，单个项目(事项)资金安排额度最低不得少于100万元，支持比例一般最高不超过项目总投资额或总费用的10%。,https://www.ahzwfw.gov.cn/hqw-bsdt-portal/static/zcwj/detail?id=1648197404802334721,https://www.ahzwfw.gov.cn/hqw-bsdt-portal/static/zcwj/detail?id=1648197404802334721
1648196193315373058,“两业融合”示范类项目补助,1641292217456836610,安徽省人民政府印发关于进一步提振市场信心促进经济平稳健康运行若干政策举措的通知,皖政〔2023〕13号,安徽省人民政府,2023-02-28,安徽省人民政府印发关于进一步提振市场信心促进经济平稳健康运行若干政策举措的通知,安徽省人民政府印发关于进一步提振市场信心促进经济平稳健康运行若干政策举措的通知.pdf,对国家及省级“两业融合”试点示范类项目、创新型公共服务平台，给予不超过核定投资10%的补助。,https://www.ahzwfw.gov.cn/hqw-bsdt-portal/static/zcwj/detail?id=1641292217456836610,https://www.ah.gov.cn/public/1681/564217821.html
1648173869979582465,降低收取水资源费省级部分,1648163629565394945,安徽省发展改革委安徽省财政局安徽省水利厅关于调整地下水水资源费征收标准的通知,皖发改价费〔2019〕622号,安徽省发展改革委 安徽省财政局 安徽省水利厅,2019-11-19,安徽省发展改革委 安徽省财政局 安徽省水利厅关于调整地下水水资源费征收标准的通知,1574381565601428.pdf,水资源费省级部分减按80%收取,https://www.ahzwfw.gov.cn/hqw-bsdt-portal/static/zcwj/detail?id=1648163629565394945,http://czt.ah.gov.cn/zdzt/xzsyxsfhzfxjjmlqd/140413261.html
1648173869979582465,降低收取水资源费省级部分,1641292217456836610,安徽省人民政府印发关于进一步提振市场信心促进经济平稳健康运行若干政策举措的通知,皖政〔2023〕13号,安徽省人民政府,2023-02-28,安徽省人民政府印发关于进一步提振市场信心促进经济平稳健康运行若干政策举措的通知,安徽省人民政府印发关于进一步提振市场信心促进经济平稳健康运行若干政策举措的通知.pdf,水资源费省级部分减按80%收取,https://www.ahzwfw.gov.cn/hqw-bsdt-portal/static/zcwj/detail?id=1641292217456836610,https://www.ah.gov.cn/public/1681/564217821.html
1647793757564092417,小微企业低压接入服务,1641292217456836610,安徽省人民政府印发关于进一步提振市场信心促进经济平稳健康运行若干政策举措的通知,皖政〔2023〕13号,安徽省人民政府,2023-02-28,安徽省人民政府印发关于进一步提振市场信心促进经济平稳健康运行若干政策举措的通知,安徽省人民政府印发关于进一步提振市场信心促进经济平稳健康运行若干政策举措的通知.pdf,用户报装容量160千瓦及以下的小微企业可采用低压接入，对有电力增容需求的企业，提供用电绿色通道服务。,https://www.ahzwfw.gov.cn/hqw-bsdt-portal/static/zcwj/detail?id=1641292217456836610,https://www.ah.gov.cn/public/1681/564217821.html
1647793757564092417,小微企业低压接入服务,1641401268282900482,安徽省能源局国网安徽省电力有限公司关于印发“获得电力”提升行动方案（2023版）的通知,皖能源电调函〔2023〕25号,安徽省能源局 国网安徽省电力有限公司,2023-04-24,安徽省能源局 国网安徽省电力有限公司关于印发“获得电力”提升行动方案（2023版）的通知,皖能源电调函〔2022〕28号：安徽省能源局 国网安徽省电力有限公司关于印发“获得电力”提升行动方案（2022版）的通知.pdf,巩固160kW及以下容量小微企业低压接入改革成果，鼓励有条件的地区推进小微企业低压接入容量提高至200kW。对在原用电范围有电力增容需求的企业，提供用电绿色通道服务，在证件有效期内不重复收取资料。,https://www.ahzwfw.gov.cn/hqw-bsdt-portal/static/zcwj/detail?id=1641401268282900482,https://www.ahzwfw.gov.cn/hqw-bsdt-portal/static/zcwj/detail?id=1641401268282900482
1640577433358368770,检验检测机构降低收取部分检验检测费用,1641292217456836610,安徽省人民政府印发关于进一步提振市场信心促进经济平稳健康运行若干政策举措的通知,皖政〔2023〕13号,安徽省人民政府,2023-02-28,安徽省人民政府印发关于进一步提振市场信心促进经济平稳健康运行若干政策举措的通知,安徽省人民政府印发关于进一步提振市场信心促进经济平稳健康运行若干政策举措的通知.pdf,省级市场监督管理部门直属检验检测机构对住宿餐饮业小微企业的电梯、锅炉、压力容器检验费用按80%收取，对全省小微企业委托的产品质量检验和计量检测费用按80%收取，对全省个体工商户委托的产品质量检验、计量检测和特种设备检验费用减半收取。,https://www.ahzwfw.gov.cn/hqw-bsdt-portal/static/zcwj/detail?id=1641292217456836610,https://www.ah.gov.cn/public/1681/564217821.html
1640577433358368770,检验检测机构降低收取部分检验检测费用,1640571415186440193,安徽省市场监督管理局直属检验检测机构降低收取部分检验检测费用的公告,,安徽省市场监督管理局,2023-03-07,安徽省市场监督管理局直属检验检测机构降低收取部分检验检测费用的公告,安徽省市场监督管理局直属检验检测机构降低收取部分检验检测费用的公告.doc,自2023年2月28日至2023年12月31日，安徽省市场监督管理局直属检验检测机构对住宿餐饮业小微企业的电梯、锅炉、压力容器检验费用按80%收取，对全省小微企业委托的产品质量检验和计量检测费用按80%收取，对全省个体工商户委托的产品质量检验、计量检测和特种设备检验费用减半收取,https://www.ahzwfw.gov.cn/hqw-bsdt-portal/static/zcwj/detail?id=1640571415186440193,https://www.ahzwfw.gov.cn/hqw-bsdt-portal/static/zcwj/detail?id=1640571415186440193
1640264427441291265,加强用能要素保障,1641292217456836610,安徽省人民政府印发关于进一步提振市场信心促进经济平稳健康运行若干政策举措的通知,皖政〔2023〕13号,安徽省人民政府,2023-02-28,安徽省人民政府印发关于进一步提振市场信心促进经济平稳健康运行若干政策举措的通知,安徽省人民政府印发关于进一步提振市场信心促进经济平稳健康运行若干政策举措的通知.pdf,落实全省重大项目建设能耗要素保障工作承诺事项，对新上单位增加值能耗优于全省单位GDP能耗控制水平的非“两高”项目、完成能耗强度降低目标或季度达到进度要求的市新上单位产品能耗优于行业标杆水平的非“两高”项目，落实用能保障。对符合项目所在市主导产业的产业链上下游直接关联项目，在市域内相互配套并同步实施的，可合并测算单位增加值能耗。,https://www.ahzwfw.gov.cn/hqw-bsdt-portal/static/zcwj/detail?id=1641292217456836610,https://www.ah.gov.cn/public/1681/564217821.html
1640264427441291265,加强用能要素保障,1655383553388224514,全省重大项目建设能耗要素保障工作承诺事项,未编号,省发展改革委,2022-05-25,全省重大项目建设能耗要素保障工作承诺事项,全省重大项目建设能耗要素保障工作承诺事项.doc,对符合条件的项目保障用能需求。,https://www.ahzwfw.gov.cn/hqw-bsdt-portal/static/zcwj/detail?id=1655383553388224514,https://fzggw.ah.gov.cn/ywdt/tzgg/146670381.html
1640249418086678530,国家服务业标准化试点单位验收通过奖补,1640180343910236161,安徽省人民政府关于印发加快发展现代服务业若干政策的通知,皖政〔2018〕85号,安徽省人民政府,2018-09-30,安徽省人民政府关于印发加快发展现代服务业若干政策的通知,皖政〔2018〕85号.docx,对新认定的国家服务业标准化试点单位，省服务业发展引导资金给予50万元奖励。,https://www.ahzwfw.gov.cn/hqw-bsdt-portal/static/zcwj/detail?id=1640180343910236161,https://fzggw.ah.gov.cn/public/7011/140798641.html
1640249418086678530,国家服务业标准化试点单位验收通过奖补,1759836813175209985,安徽省人民政府关于巩固和增强经济回升向好态势若干政策举措,皖政〔2024〕12号,安徽省人民政府,2024-02-08,安徽省人民政府关于巩固和增强经济回升向好态势若干政策举措,关于巩固和增强经济回升向好态势若干政策举措的通知.doc,对新验收通过的国家级服务业标准化试点项目给予奖励。,https://www.ahzwfw.gov.cn/hqw-bsdt-portal/static/zcwj/detail?id=1759836813175209985,https://www.ahzwfw.gov.cn/hqw-bsdt-portal/static/zcwj/detail?id=1759836813175209985
1638435507693600769,2023年度省制造业融资财政贴息专项资金,1634141132714012674,关于开展2023年度省制造业融资财政贴息专项资金“免申即享”的通知,皖发改产业〔2023〕108号,安徽省发展改革委安徽省财政厅中国人民 银行合肥中心支行银保监会安徽监管局,2023-03-10,关于开展 2023 年度省制造业融资财政贴息专项资金“免申即享”的通知（ 皖发改产业〔2023〕108号）,关于开展 2023 年度省制造业融资财政贴息专项资金“免申即享”的通知（ 皖发改产业〔2023〕108号）.pdf,"1.对制造业项目贷款。原则上为固定资产贷款，不包括企业日常经营流动资金贷款，支持从2020年1月1日起签订合同并发生利息的投资项目贷款。2.对纳入制造业融资财政贴息专项支持范围的其他项目，包括新能源汽车和智能网联汽车产业补短板项目、氢能应用示范项目、中药材良种警育其地，""十大皖药""产业示范基地建设，中药深加工产品研发制造、合肥区域性中药研发基地建设、区域中药院内制剂制备中心建设等，支持从2022年1月1日起签订并发生利息的投资项目贷款。",https://www.ahzwfw.gov.cn/hqw-bsdt-portal/static/zcwj/detail?id=1634141132714012674,https://www.ahzwfw.gov.cn/hqw-bsdt-portal/static/zcwj/detail?id=1634141132714012674
1638435507693600769,2023年度省制造业融资财政贴息专项资金,1641292217456836610,安徽省人民政府印发关于进一步提振市场信心促进经济平稳健康运行若干政策举措的通知,皖政〔2023〕13号,安徽省人民政府,2023-02-28,安徽省人民政府印发关于进一步提振市场信心促进经济平稳健康运行若干政策举措的通知,安徽省人民政府印发关于进一步提振市场信心促进经济平稳健康运行若干政策举措的通知.pdf,安排省新兴产业专项引导资金10亿元，采取补助、贴息等方式，支持十大新兴产业高质量发展。,https://www.ahzwfw.gov.cn/hqw-bsdt-portal/static/zcwj/detail?id=1641292217456836610,https://www.ah.gov.cn/public/1681/564217821.html
1637634161683906562,奖补国家中小企业公共服务示范平台,E3218B53A497A94EE05303C7FE0A5A2F,安徽省人民政府办公厅关于印发安徽省专精特新中小企业倍增行动方案的通知,皖政办〔2022〕2号,安徽省人民政府办公厅,2022-03-14,《安徽省人民政府办公厅关于印发安徽省专精特新中小企业倍增行动方案的通知》,20220317101414117082_fDiD9fN6.pdf,对国家级公共服务示范平台给予100万元奖补,https://www.ahzwfw.gov.cn/hqw-bsdt-portal/static/zcwj/detail?id=E3218B53A497A94EE05303C7FE0A5A2F,https://www.ahzwfw.gov.cn/hqw-bsdt-portal/static/zcwj/detail?id=E3218B53A497A94EE05303C7FE0A5A2F
E31F24CB0C11A73AE05303C7FE0A8AF3,对初创科技型企业投资的创投企业和天使投资个人纳税抵扣,1545244523696091138,关于创业投资企业和天使投资个人有关税收政策的通知,财税〔2018〕55号,中华人民共和国财政部,2018-05-14,关于创业投资企业和天使投资个人有关税收政策的通知,财政部+税务总局关于创业投资企业和天使投资个人有关税收政策的通知（财税〔2018〕55号）.doc,"（一）公司制创业投资企业采取股权投资方式直接投资于种子期、初创期科技型企业（以下简称初创科技型企业）满2年（24个月，下同）的，可以按照投资额的70%在股权持有满2年的当年抵扣该公司制创业投资企业的应纳税所得额；当年不足抵扣的，可以在以后纳税年度结转抵扣。
　　（二）有限合伙制创业投资企业（以下简称合伙创投企业）采取股权投资方式直接投资于初创科技型企业满2年的，该合伙创投企业的合伙人分别按以下方式处理：
　　1.法人合伙人可以按照对初创科技型企业投资额的70%抵扣法人合伙人从合伙创投企业分得的所得；当年不足抵扣的，可以在以后纳税年度结转抵扣。
　　2.个人合伙人可以按照对初创科技型企业投资额的70%抵扣个人合伙人从合伙创投企业分得的经营所得；当年不足抵扣的，可以在以后纳税年度结转抵扣。
　　（三）天使投资个人采取股权投资方式直接投资于初创科技型企业满2年的，可以按照投资额的70%抵扣转让该初创科技型企业股权取得的应纳税所得额；当期不足抵扣的，可以在以后取得转让该初创科技型企业股权的应纳税所得额时结转抵扣。",https://www.ahzwfw.gov.cn/hqw-bsdt-portal/static/zcwj/detail?id=1545244523696091138,https://www.ahzwfw.gov.cn/hqw-bsdt-portal/static/zcwj/detail?id=1545244523696091138
E31F24CB0C11A73AE05303C7FE0A8AF3,对初创科技型企业投资的创投企业和天使投资个人纳税抵扣,1545246084547604482,关于延续执行创业投资企业和天使投资个人投资初创科技型企业有关政策条件的公告,财政部税务总局公告2022年第6号,中华人民共和国财务部,2022-02-09,关于延续执行创业投资企业和天使投资个人投资初创科技型企业有关政策条件的公告,关于延续执行创业投资企业和天使投资个人投资初创科技型企业有关政策条件的公告.docx,自2022年1月1日至2023年12月31日，对于初创科技型企业需符合的条件，从业人数继续按不超过300人、资产总额和年销售收入按均不超过5000万元执行,https://www.ahzwfw.gov.cn/hqw-bsdt-portal/static/zcwj/detail?id=1545246084547604482,https://www.ahzwfw.gov.cn/hqw-bsdt-portal/static/zcwj/detail?id=1545246084547604482
E31F24CB0C11A73AE05303C7FE0A8AF3,对初创科技型企业投资的创投企业和天使投资个人纳税抵扣,1641292217456836610,安徽省人民政府印发关于进一步提振市场信心促进经济平稳健康运行若干政策举措的通知,皖政〔2023〕13号,安徽省人民政府,2023-02-28,安徽省人民政府印发关于进一步提振市场信心促进经济平稳健康运行若干政策举措的通知,安徽省人民政府印发关于进一步提振市场信心促进经济平稳健康运行若干政策举措的通知.pdf,符合条件的创投企业和天使投资个人对初创科技型企业投资的，按投资额70%抵扣应纳税所得额。,https://www.ahzwfw.gov.cn/hqw-bsdt-portal/static/zcwj/detail?id=1641292217456836610,https://www.ah.gov.cn/public/1681/564217821.html
E31F24CB0C2FA73AE05303C7FE0A8AF3,按法定最低标准征收货车、挂车、专用作业车等车辆车船税,1641292217456836610,安徽省人民政府印发关于进一步提振市场信心促进经济平稳健康运行若干政策举措的通知,皖政〔2023〕13号,安徽省人民政府,2023-02-28,安徽省人民政府印发关于进一步提振市场信心促进经济平稳健康运行若干政策举措的通知,安徽省人民政府印发关于进一步提振市场信心促进经济平稳健康运行若干政策举措的通知.pdf,第1条：按照法定最低标准征收货车、挂车、专用作业车等车辆车船税,https://www.ahzwfw.gov.cn/hqw-bsdt-portal/static/zcwj/detail?id=1641292217456836610,https://www.ah.gov.cn/public/1681/564217821.html
E31F24CB0C2FA73AE05303C7FE0A8AF3,按法定最低标准征收货车、挂车、专用作业车等车辆车船税,1650758205438599169,国家税务总局安徽省税务局关于进一步加大税收政策落实力度助力稳住宏观经济大盘若干措施的通知,皖税发〔2022〕34号,国家税务总局安徽省税务局,2022-08-02,国家税务总局安徽省税务局关于进一步加大税收政策落实力度 助力稳住宏观经济大盘若干措施的通知,国家税务总局安徽省税务局关于进一步加大税收政策落实力度 助力稳住宏观经济大盘若干措施的通知.pdf,自2022年1月1日起，我省继续执行降低部分车辆车船税税额标准的政策，将货车、挂车、专用作业车、轮式专用机械车、摩托车和1.0升（含）以下的乘用车的车辆车船税年税额标准降至法定最低标准。,https://www.ahzwfw.gov.cn/hqw-bsdt-portal/static/zcwj/detail?id=1650758205438599169,https://www.ahzwfw.gov.cn/hqw-bsdt-portal/static/zcwj/detail?id=1650758205438599169
E31F24CB0C32A73AE05303C7FE0A8AF3,小规模纳税人增值税减免,1641292217456836610,安徽省人民政府印发关于进一步提振市场信心促进经济平稳健康运行若干政策举措的通知,皖政〔2023〕13号,安徽省人民政府,2023-02-28,安徽省人民政府印发关于进一步提振市场信心促进经济平稳健康运行若干政策举措的通知,安徽省人民政府印发关于进一步提振市场信心促进经济平稳健康运行若干政策举措的通知.pdf,第1条：落实对月销售额10万元以下的增值税小规模纳税人免征增值税政策，实施小规模纳税人增值税征收率由3%降至1%的优惠政策。,https://www.ahzwfw.gov.cn/hqw-bsdt-portal/static/zcwj/detail?id=1641292217456836610,https://www.ah.gov.cn/public/1681/564217821.html
E31F24CB0C32A73AE05303C7FE0A8AF3,小规模纳税人增值税减免,1636166742008188929,财政部税务总局关于明确增值税小规模纳税人减免增值税等政策的公告,2023年第1号,财政部 税务总局,2023-01-09,财政部 税务总局关于明确增值税小规模纳税人减免增值税等政策的公告,财政部税务总局公告2023+年第1+号+财政部+税务总局关于明确增值税小规模纳税人减免增值税等政策的公告.pdf,"一、自2023年1月1日至2023年12月31日，对月销售额10万元以下（含本数）的增值税小规模纳税人，免征增值税。

二、自2023年1月1日至2023年12月31日，增值税小规模纳税人适用3%征收率的应税销售收入，减按1%征收率征收增值税；适用3%预征率的预缴增值税项目，减按1%预征率预缴增值税。",https://www.ahzwfw.gov.cn/hqw-bsdt-portal/static/zcwj/detail?id=1636166742008188929,https://www.ahzwfw.gov.cn/hqw-bsdt-portal/static/zcwj/detail?id=1636166742008188929
E31F24CB0C36A73AE05303C7FE0A8AF3,降低收中小微企业地方水利建设基金,E3218B53A4ADA94EE05303C7FE0A5A2F,安徽省财政厅国家税务总局安徽省税务局关于我省中小微企业减征地方水利建设基金的通知,皖财综〔2022〕299号,安徽省财政厅 国家税务总局安徽省税务局,2020-02-14,《安徽省财政厅国家税务总局安徽省税务局关于我省中小微企业减征地方水利建设基金的通知》,《安徽省财政厅国家税务总局安徽省税务局关于我省中小微企业减征地方水利建设基金的通知》.pdf,向中小微企业征收的地方水利建设基金按现有费率的90%征收。,https://www.ahzwfw.gov.cn/hqw-bsdt-portal/static/zcwj/detail?id=E3218B53A4ADA94EE05303C7FE0A5A2F,https://www.ahzwfw.gov.cn/hqw-bsdt-portal/static/zcwj/detail?id=E3218B53A4ADA94EE05303C7FE0A5A2F
E31F24CB0C36A73AE05303C7FE0A8AF3,降低收中小微企业地方水利建设基金,1646789963879464962,安徽省财政厅国家税务总局安徽省税务局关于我省中小微企业继续减征地方水利建设基金的通知,皖财综〔2023〕245号,安徽省财政厅 国家税务总局省税务局 ,2023-03-15,安徽省财政厅国家税务总局安徽省税务局 	关于我省中小微企业继续减征 	地方水利建设基金的通知,安徽省财政厅+国家税务总局安徽省税务局关于我省中小微企业继续减征地方水利建设基金的通知.docx,《安徽省财政厅 国家税务总局安徽省税务局关于我省中小微企业减征地方水利建设基金的通知》（皖财综〔2022〕299号）执行期限延长至2023年12月31日。,https://www.ahzwfw.gov.cn/hqw-bsdt-portal/static/zcwj/detail?id=1646789963879464962,https://www.ahzwfw.gov.cn/hqw-bsdt-portal/static/zcwj/detail?id=1646789963879464962
E31F24CB0C36A73AE05303C7FE0A8AF3,降低收中小微企业地方水利建设基金,1641292217456836610,安徽省人民政府印发关于进一步提振市场信心促进经济平稳健康运行若干政策举措的通知,皖政〔2023〕13号,安徽省人民政府,2023-02-28,安徽省人民政府印发关于进一步提振市场信心促进经济平稳健康运行若干政策举措的通知,安徽省人民政府印发关于进一步提振市场信心促进经济平稳健康运行若干政策举措的通知.pdf,第1条：中小微企业地方水利建设基金按90%收取,https://www.ahzwfw.gov.cn/hqw-bsdt-portal/static/zcwj/detail?id=1641292217456836610,https://www.ah.gov.cn/public/1681/564217821.html
E31F24CB0C34A73AE05303C7FE0A8AF3,六税两费顶格减征,1638374303163924482,财政部 税务总局关于进一步实施小微企业“六税两费”减免政策的公告,财政部 税务总局公告2022年第10号,财政部 税务总局,2022-03-01,财政部 税务总局关于进一步实施小微企业“六税两费”减免政策的公告,财政部 税务总局关于进一步实施小微企业“六税两费”减免政策的公告财政部.doc,我省增值税小规模纳税人、小型微利企业和个体工商户减按50%征收资源税、城市维护建设税、房产税、城镇土地使用税、印花税（不含证券交易印花税）、耕地占用税、教育费附加、地方教育附加。,https://www.ahzwfw.gov.cn/hqw-bsdt-portal/static/zcwj/detail?id=1638374303163924482,https://www.ahzwfw.gov.cn/hqw-bsdt-portal/static/zcwj/detail?id=1638374303163924482
E31F24CB0C34A73AE05303C7FE0A8AF3,六税两费顶格减征,1641292217456836610,安徽省人民政府印发关于进一步提振市场信心促进经济平稳健康运行若干政策举措的通知,皖政〔2023〕13号,安徽省人民政府,2023-02-28,安徽省人民政府印发关于进一步提振市场信心促进经济平稳健康运行若干政策举措的通知,安徽省人民政府印发关于进一步提振市场信心促进经济平稳健康运行若干政策举措的通知.pdf,继续顶格减征“六税两费”。,https://www.ahzwfw.gov.cn/hqw-bsdt-portal/static/zcwj/detail?id=1641292217456836610,https://www.ah.gov.cn/public/1681/564217821.html
E31F24CB0C34A73AE05303C7FE0A8AF3,六税两费顶格减征,1545232685088501762,安徽省财政厅国家税务总局安徽省税务局关于我省小规模纳税人、小微企业和个体工商户减按50％征收“六税两费”的通知,皖财税法〔2022〕241号,安徽省财政厅,2022-03-17,安徽省财政厅 国家税务总局安徽省税务局关于我省小规模纳税人、小微企业和个体工商户减按50％征收“六税两费”的通知,安徽省财政厅 国家税务总局安徽省税务局关于我省小规模纳税人、小微企业和个体工商户减按50％征收“六税两费”的通知.doc,我省增值税小规模纳税人、小型微利企业和个体工商户减按50%征收资源税、城市维护建设税、房产税、城镇土地使用税、印花税（不含证券交易印花税）、耕地占用税、教育费附加、地方教育附加。,https://www.ahzwfw.gov.cn/hqw-bsdt-portal/static/zcwj/detail?id=1545232685088501762,https://www.ahzwfw.gov.cn/hqw-bsdt-portal/static/zcwj/detail?id=1545232685088501762
E31F24CB0C2CA73AE05303C7FE0A8AF3,“六大行业”纳税人和增值税小规模纳税人免征2023年上半年房产税和城镇土地使用税,1641292217456836610,安徽省人民政府印发关于进一步提振市场信心促进经济平稳健康运行若干政策举措的通知,皖政〔2023〕13号,安徽省人民政府,2023-02-28,安徽省人民政府印发关于进一步提振市场信心促进经济平稳健康运行若干政策举措的通知,安徽省人民政府印发关于进一步提振市场信心促进经济平稳健康运行若干政策举措的通知.pdf,第1条：对住宿餐饮、文体娱乐、交通运输、旅游、零售、仓储行业纳税人和增值税小规模纳税人，暂免征收2023年上半年房产税、城镇土地使用税,https://www.ahzwfw.gov.cn/hqw-bsdt-portal/static/zcwj/detail?id=1641292217456836610,https://www.ah.gov.cn/public/1681/564217821.html
E31F24CB0C2CA73AE05303C7FE0A8AF3,“六大行业”纳税人和增值税小规模纳税人免征2023年上半年房产税和城镇土地使用税,1650415206443687937,国家税务总局安徽省税务局关于“六大行业”纳税人和增值税小规模纳税人免征2023年上半年房产税和城镇土地使用税有关事项的通告,通告〔2023〕1号,国家税务总局安徽省税务局,2023-03-31,国家税务总局安徽省税务局关于“六大行业”纳税人和增值税小规模纳税人免征2023年上半年房产税和城镇土地使用税有关事项的通告,国家税务总局安徽省税务局关于“六大行业”纳税人和增值税小规模纳税人免征2023年上半年房产税和城镇土地使用税有关事项的通告.doc,《通知》所述六大行业按照现行《国民经济行业分类》执行，具体为：住宿餐饮业包括住宿业、餐饮业两类；文体娱乐业包括新闻和出版业，广播、电视、电影和录音制作业，文化艺术业，体育，娱乐业五类；交通运输业包括铁路运输业、道路运输业、水上运输业、航空运输业、管道运输业、多式联运和运输代理业、装卸搬运、邮政业八类；旅游业包括旅游会展服务、旅行社及相关服务、城市公园管理、游览景区管理四类；零售业一类；仓储业包括通用仓储、低温仓储、危险品仓储、谷物棉花等农产品仓储、中药材仓储、其他仓储业六类。纳税人办理营业执照时确定的行业类别，属于六大行业之一的，可按照《通知》规定享受房产税、城镇土地使用税免税政策。,https://www.ahzwfw.gov.cn/hqw-bsdt-portal/static/zcwj/detail?id=1650415206443687937,https://www.ahzwfw.gov.cn/hqw-bsdt-portal/static/zcwj/detail?id=1650415206443687937
