id,serviceName,orgName,areaName,applyStartTime,applyEndTime,cashStandard,applyCondition,policyBasisFiles,policyBasisLinks
2034182784589459458,支持省级服务型制造集聚区建设,工信部门,安徽省,2026-04-01,2026-06-30,获评服务型制造集聚区的，给予不超过1000万元奖补支持。,获评安徽省省级服务型制造集聚区。,安徽省人民政府办公厅关于推动先进制造业和现代生产性服务业深度融合发展的实施意见；关于巩固拓展经济稳中向好势头若干政策举措,https://www.ahzwfw.gov.cn/hqw-bsdt-portal/static/zcwj/detail?id=1981526194681868289；https://www.ahzwfw.gov.cn/hqw-bsdt-portal/static/zcwj/detail?id=2027281495567638530
2034077527763021825,支持省级先进制造业集群培育建设,工信部门,安徽省,2026-04-01,2026-06-30,给予新认定的省级先进制造业集群500万元补助,被新认定为2026年度省级先进制造业集群。,安徽省人民政府办公厅关于培育发展先进制造业集群的指导意见；关于巩固拓展经济稳中向好势头若干政策举措,https://www.ahzwfw.gov.cn/hqw-bsdt-portal/static/zcwj/detail?id=1769571093462560770；https://www.ahzwfw.gov.cn/hqw-bsdt-portal/static/zcwj/detail?id=2027281495567638530
2034077227417300993,国家绿色工厂奖补,工信部门,安徽省,2026-03-31,2026-06-30,对获评国家绿色工厂、国家绿色供应链管理企业的，分别给予50万元一次性奖补。,获得国家绿色工厂称号,安徽省人民政府办公厅关于印发 《安徽省以新型技术改造推动制造业 高端化智能化绿色化发展行动方案》的通知；关于巩固拓展经济稳中向好势头若干政策举措,https://www.ahzwfw.gov.cn/hqw-bsdt-portal/static/zcwj/detail?id=2026950883933691905；https://www.ahzwfw.gov.cn/hqw-bsdt-portal/static/zcwj/detail?id=2027281495567638530
2034075070286753793,国家5G工厂奖补,工信部门,安徽省,2026-03-30,2026-06-30,对获评国家5G工厂的企业，给予50万元一次性奖补。,获评国家5G工厂的企业。,安徽省人民政府办公厅关于印发 《安徽省以新型技术改造推动制造业 高端化智能化绿色化发展行动方案》的通知,https://www.ahzwfw.gov.cn/hqw-bsdt-portal/static/zcwj/detail?id=2026950883933691905
2034073213539676161,培育省级重点工业互联网平台,工信部门,安徽省,2026-06-23,2026-07-23,入选2026年省级工业互联网平台,评选为2026年省级重点工业互联网平台,安徽省人民政府办公厅关于印发 《安徽省以新型技术改造推动制造业 高端化智能化绿色化发展行动方案》的通知；关于巩固拓展经济稳中向好势头若干政策举措,https://www.ahzwfw.gov.cn/hqw-bsdt-portal/static/zcwj/detail?id=2026950883933691905；https://www.ahzwfw.gov.cn/hqw-bsdt-portal/static/zcwj/detail?id=2027281495567638530
2033884086294769665,2026年度财政与金融协同支持新兴产业专项 “免申即享”融资租赁项目,发改部门,安徽省,2026-03-01,2026-08-01,省级按照实际支付融资租赁租息的40%给予补贴，贴息期限不超过2个自然年度，单个项目贴息额不超过300万元。,制造业企业采用融资租赁方式采购或盘活用于生产制造的设备，设备租赁期限不低于2年,安徽省财政与金融协同支持新兴产业专项实施细则；关于巩固拓展经济稳中向好势头若干政策举措,https://www.ahzwfw.gov.cn/hqw-bsdt-portal/static/zcwj/detail?id=1900399574697844738；https://www.ahzwfw.gov.cn/hqw-bsdt-portal/static/zcwj/detail?id=2027281495567638530
2033871848171335682,2026年度财政与金融协同支持新兴产业专项 “免申即享”贴息项目,发改部门,安徽省,2026-03-01,2026-08-01,贴息期限不超过2年，单个项目不超过2000万元,在建的战略性新兴产业制造业项目 总投资不低于2亿元 ,安徽省财政与金融协同支持新兴产业专项实施细则；关于巩固拓展经济稳中向好势头若干政策举措,https://www.ahzwfw.gov.cn/hqw-bsdt-portal/static/zcwj/detail?id=1900399574697844738；https://www.ahzwfw.gov.cn/hqw-bsdt-portal/static/zcwj/detail?id=2027281495567638530
2033822003712716801,2026年获批全国重点实验室奖补,科技部门,安徽省,2026-01-01,,对通过重组及新获批全国重点实验室一次性给予1000万元资助。,获得科技部或国防科工局关于建设全国重点实验室的正式批文。,关于巩固拓展经济稳中向好势头若干政策举措,https://www.ahzwfw.gov.cn/hqw-bsdt-portal/static/zcwj/detail?id=2027281495567638530
2033754890570526721,鼓励类外资项目进口自用设备免税确认,发改部门,安徽省,2026-02-01,,进口设备免征关税,"1.符合《鼓励外商投资产业目录》的外资项目。
2.投资总额3亿美元以下（3亿美元及以上属国家事权）。",关于巩固拓展经济稳中向好势头若干政策举措,https://www.ahzwfw.gov.cn/hqw-bsdt-portal/static/zcwj/detail?id=2027281495567638530
2032405019766779906,安徽省未来产业标杆应用场景和商业化应用解决方案资金,发改部门,安徽省,2025-09-01,2030-10-31,给予100万元一次性奖励资金,对纳入省级标杆应用场景和商业化应用解决方案的，每个给予100万元的一次性奖励。,安徽省人民政府办公厅关于印发 《安徽省未来产业发展行动方案》的通知；关于巩固拓展经济稳中向好势头若干政策举措,https://www.ahzwfw.gov.cn/hqw-bsdt-portal/static/zcwj/detail?id=1932770639789350914；https://www.ahzwfw.gov.cn/hqw-bsdt-portal/static/zcwj/detail?id=2027281495567638530
2032404505771601921,省未来产业先导区奖补,发改部门,安徽省,2025-06-01,,纳入省未来产业先导区筹建名单，给予首批500万元奖补资金；筹建期结束，对评价达到要求的，再给予500万元奖补资金。,纳入安徽省未来产业先导区筹建名单,安徽省人民政府办公厅关于印发 《安徽省未来产业发展行动方案》的通知；关于巩固拓展经济稳中向好势头若干政策举措,https://www.ahzwfw.gov.cn/hqw-bsdt-portal/static/zcwj/detail?id=1932770639789350914；https://www.ahzwfw.gov.cn/hqw-bsdt-portal/static/zcwj/detail?id=2027281495567638530
2032016727646674946,对检验检测认证机构取得国际权威资质授权的给予奖励,发改部门,安徽省,2025-07-01,2026-06-30,每个认可项目奖励50万元，单个机构最高不超过100万元。,对与国外认证认可机构达成互认的检验检测认证机构。,关于巩固拓展经济稳中向好势头若干政策举措,https://www.ahzwfw.gov.cn/hqw-bsdt-portal/static/zcwj/detail?id=2027281495567638530
2031316535100317697,制造业“揭榜挂帅”招才引智专项,工信部门,安徽省,2026-02-28,2026-06-30,最高一次性给予100万元经费支持。,"（一）申报企业为承担省制造业“揭榜挂帅”技术攻关任务且2025年根据要求完成揭榜任务自评估的企业，或被评为工信部“揭榜挂帅”相关任务优胜单位的企业。
（二）承担攻关任务人才团队中，必须有一人（含）以上符合安徽省高层次人才标准。",安徽省工业和信息化厅关于开展2026年制造业“揭榜挂帅”招才引智专项资金申报工作的通知,https://www.ahzwfw.gov.cn/hqw-bsdt-portal/static/zcwj/detail?id=2031308491066974209
2028425582756765697,对新获批省级跨境电商产业园给予支持,商务部门,安徽省,2027-01-01,2027-06-30,对新获批省级跨境电商产业园给予最高100万元支持。,"当年认定为省级跨境电商产业园。
",关于巩固拓展经济稳中向好势头若干政策举措,https://www.ahzwfw.gov.cn/hqw-bsdt-portal/static/zcwj/detail?id=2027281495567638530
2028421831924916225,对新获批国家跨境电商综试区给予支持,商务部门,安徽省,2026-03-01,2027-04-30,对新获批国家跨境电商综试区给予最高300万元支持，对获得“成效明显”档次的国家跨境电商综试区给予最高100万元考核激励。,"新获国务院批复设立跨境电商综试区的市。
",关于巩固拓展经济稳中向好势头若干政策举措,https://www.ahzwfw.gov.cn/hqw-bsdt-portal/static/zcwj/detail?id=2027281495567638530
2028408447972155394,降低算力使用成本补助,科技部门,安徽省,2025-08-31,2026-04-30,"1.算力使用应用于科技创新的实际业务需要。
2.算力使用方应通过省级智能算力统筹调度平台统一入口使用智能算力。
3.补助范围不属于自建自用范畴，即以合资、独资等方式建设的智能算力非完全为本企业或关联企业所用。
4.算力补助量应按照以下公式计算，当算力补助量大于0时，才可计算补助：算力补助量=算力使用量（使用平台算力量）－算力被使用量（接入平台算力量）
最高可按算力总支出的20%给予支持。","现单位为在安徽省范围内注册登记且具有独立法人资格的通用人工智能企业、高校院所、新型研发机构
算力使用应为企业实际业务需要
算力使用方应通过算力调度平台统一入口使用安徽省内智能算力
补助范围不属于自建自用范畴，即以合资、独资等方式建设的智能算力非完全为本企业或关联企业所用",打造通用人工智能产业创新和应用高地若干政策（2.0版）；关于巩固拓展经济稳中向好势头若干政策举措,https://www.ahzwfw.gov.cn/hqw-bsdt-portal/static/zcwj/detail?id=1970781885573689346；https://www.ahzwfw.gov.cn/hqw-bsdt-portal/static/zcwj/detail?id=2027281495567638530
2028291310771249154,对省统一组织的内外贸一体化活动的承办单位给予支持,商务部门,安徽省,2026-03-02,2027-06-30,给予最高50万元支持,承办省统一组织的内外贸一体化活动的单位,关于巩固拓展经济稳中向好势头若干政策举措,https://www.ahzwfw.gov.cn/hqw-bsdt-portal/static/zcwj/detail?id=2027281495567638530
2028289421052747777,省级外资研发中心认定激励,商务部门,安徽省,2026-03-31,2027-07-01,对经认定的外资研发中心，分别给予100万元（企业内设部门或分公司）及200万元（独立法人）激励。,"①有明确的研究开发领域和具体的研发项目，固定的场所、研发必需的仪器设备和其他必需的科研条件。
②累计研发总投入不低于200万美元。
③配备专职管理和研发人员，其中具有相当本科以上学历的直接从事研发活动人员占研发中心总人数的比例不低于80%。
须同时满足以上条件。",关于巩固拓展经济稳中向好势头若干政策举措,https://www.ahzwfw.gov.cn/hqw-bsdt-portal/static/zcwj/detail?id=2027281495567638530
2028277801471713282,支持外贸企业投保国内贸易信用险,商务部门,安徽省,2026-05-01,2027-06-30,对于投保国内贸易信用险业务的外贸企业，对其保费给予最高40%支持，对皖北地区企业给予最高60%支持，单个企业最高支持100万元。,投保国内贸易信用险的外贸企业,关于巩固拓展经济稳中向好势头若干政策举措,https://www.ahzwfw.gov.cn/hqw-bsdt-portal/static/zcwj/detail?id=2027281495567638530
2027335964896534530,设备融资租赁贴息,工信部门,安徽省,2026-02-10,2026-03-12,对期限在2年期及以上的设备融资租赁业务，按实际支付融资租赁租息的40%给予贴息，单个项目贴息期不超过2年，最高300万元。对皖北地区符合奖补条件的项目，奖补资金上浮 20%，上浮后不超过原条款奖补上限。,"（1）融资租赁业务模式为直接租赁，已签订2年及以上期限融资租赁合同，并产生利息，2026年仍在业务期限内。
（2）租赁物为企业实施新型技术改造的生产及配套设备。
（3）企业合作的租赁公司包括融资租赁公司和金融租赁公司，其中：融资租赁公司需纳入我省或其他省正常经营名单（未
发布正常经营名单的省份，融资租赁公司不得纳入非正常经营融资租赁公司名单，也不纳入“失联”“空壳”名单）；金融租赁公司为国家金融监督管理总局批准设立的、以经营融资租赁业务为主的非银行金融机构。
（4）申报项目为符合《制造业重点领域新型技术改造投资指引》的在建技术改造项目,已切实履行数据上报的法定义务。",安徽省人民政府办公厅关于印发 《安徽省以新型技术改造推动制造业 高端化智能化绿色化发展行动方案》的通知,https://www.ahzwfw.gov.cn/hqw-bsdt-portal/static/zcwj/detail?id=2026950883933691905
2027333121040982017,技术改造项目贷款贴息,工信部门,安徽省,2026-02-10,2026-03-12,对获得1年期及以上的新型技术改造项目贷款，按照同期贷款银行市场报价利率40%给予贴息，单个项目贴息期不超过3年，最高 500万元。对皖北地区符合奖补条件的项目，奖补资金上浮 20%，上浮后不超过原条款奖补上限。,"1.已签订1年及以上期限项目贷款合同，并产生利息，2026年仍在贷款期限内。申报项目名称、备案名称和贷款合同项目名
称原则上应保持一致。
2.申报项目为符合《制造业重点领域新型技术改造投资指引》的在建技术改造项目,已切实履行数据上报的法定义务。",安徽省人民政府办公厅关于印发 《安徽省以新型技术改造推动制造业 高端化智能化绿色化发展行动方案》的通知；关于巩固拓展经济稳中向好势头若干政策举措,https://www.ahzwfw.gov.cn/hqw-bsdt-portal/static/zcwj/detail?id=2026950883933691905；https://www.ahzwfw.gov.cn/hqw-bsdt-portal/static/zcwj/detail?id=2027281495567638530
2026955719697768450,设备补助项目,工信部门,安徽省,2026-02-10,2026-03-12,对符合《制造业重点领域新型技术改造投资指引》且设备（含软件）投资500万元以上的优质新型技术改造项目，按政策执行期内（2025年8月15日至2027年12月31日）设备投资额的8%给予最高500万元奖补。对皖北地区符合奖补条件的项目，奖补资金上浮20%，上浮后不超过原条款奖补上限。,"（1）在安徽省境内注册，具有独立法人资格，法人治理结构规范，成立一年以上的制造业企业。
（2）申报项目为在建技术改造项目，符合《制造业重点领域新型技术改造投资指引》（附件4）的新型技术改造项目。
（3）新型技术改造政策执行期内，项目设备（含软件购置及人工智能大模型租赁费，下同）计划投资500万元以上，且项目建设进度不超过80%。（设备计划投资以企业承诺为准)
（4）项目已切实履行数据上报的法定义务。",安徽省人民政府办公厅关于印发 《安徽省以新型技术改造推动制造业 高端化智能化绿色化发展行动方案》的通知；关于巩固拓展经济稳中向好势头若干政策举措,https://www.ahzwfw.gov.cn/hqw-bsdt-portal/static/zcwj/detail?id=2026950883933691905；https://www.ahzwfw.gov.cn/hqw-bsdt-portal/static/zcwj/detail?id=2027281495567638530
1993155750093475842,支持中国声谷创新发展若干政策中国声谷大型宣传推介活动经费补助项目,工信部门,安徽省,2025-09-05,2025-12-31,每次按会场展位费、租赁费、会务费、广告宣传费、文印费、媒体合作活动费等服务费用100%给予不超过100万元补助。,"1.列入2022年、2023年部省合作年度工作要点或计划，在国内外举办的中国声谷大型宣传推介活动；
2.须在2024年12月21日（含）前完成实施。",安徽省人民政府办公厅关于印发支持中国声谷创新发展若干政策和中国声谷创新发展三年行动计划（2021—2023年）的通知,https://www.ahzwfw.gov.cn/hqw-bsdt-portal/static/zcwj/detail?id=E3218B53A49CA94EE05303C7FE0A5A2F
1993154753522651138,支持中国声谷创新发展若干政策企业宣传推荐活动经费补助项目,工信部门,安徽省,2025-09-05,2025-12-31,按实际支出费用的50%给予补助，最高100万元。,"1. 活动按照2023年7月21日《安徽省经济和信息化厅关于开展 支持中国声谷创新发展若干政策前置项目申报工作的通知》要求申请备案，结束日期原则上为2023年12月31日之前；
2. 活动内容与中国声谷发展紧密相关；
（1）高水平产业学术论坛、峰会、新技术发布会：对中国声谷发展有重要影响且具备公共服务性质，以招商引资、合作交流、宣传推广为目的；必须以中国声谷名义，加入中国声谷品牌，参会代表包括时任副厅级以上党政机关、企事业单位人员和诺贝尔奖获得者、两院院士、长江学者、世界500强中国区副总裁及以上人员、全球排名前100的大学的教授等嘉宾，人数不少于3人；邀请参会人数不少于100人（不含主办方及活动工作人员）；
（2）软课题研究：站在中国声谷全局发展角度的战略规划、体制改革、产业研究、管理创新、政策优化等软课题研究。
3. 同一时间段举行的多项活动应据实列支和核算，不得相互混淆费用、违规分摊成本、虚增支出，确保每项活动的费用清晰可追溯。
4. 各类工作性会议、联欢联谊类会议和节庆、赛事类活动等以及纯技术性理论、纯自然科学理论、纯社会科学理论、日常行政管理工作办法与制度等不在支持范围内。核查兑现内容已享受省级财政资金的不在支持范围内。活动举办期间，发生群体性事件、安全生产事故或者知识产权纠纷造成负面影响或严重后果的不在支持范围内。 ",安徽省人民政府办公厅关于印发支持中国声谷创新发展若干政策和中国声谷创新发展三年行动计划（2021—2023年）的通知,https://www.ahzwfw.gov.cn/hqw-bsdt-portal/static/zcwj/detail?id=E3218B53A49CA94EE05303C7FE0A5A2F
1993152918279770113,支持中国声谷创新发展若干政策产品创新大赛经费补助项目,工信部门,安徽省,2025-09-05,2025-12-31,按大赛活动会场展位费、租赁费、会务费等服务费用100%给予不超过100万元补贴。 ,"1.中国声谷举办的第五届国际智能语音及人工智能产品相关创新大赛的主体承办单位；
2.项目须在2024年12月21日（含）前完成实施。",安徽省人民政府办公厅关于印发支持中国声谷创新发展若干政策和中国声谷创新发展三年行动计划（2021—2023年）的通知,https://www.ahzwfw.gov.cn/hqw-bsdt-portal/static/zcwj/detail?id=E3218B53A49CA94EE05303C7FE0A5A2F
1993151234522566658,支持中国声谷创新发展若干政策产品创新大赛奖励项目,工信部门,安徽省,2025-09-05,2025-12-31,对获得大赛一等奖、二等奖、三等奖的入驻中国声谷发展项目，分别给予50万、25万、10万元奖励。,参加第五届国际智能语音及人工智能产品创新大赛获奖且入园发展单位（个人获奖者须成立独立法人机构），目前正常经营。,安徽省人民政府办公厅关于印发支持中国声谷创新发展若干政策和中国声谷创新发展三年行动计划（2021—2023年）的通知,https://www.ahzwfw.gov.cn/hqw-bsdt-portal/static/zcwj/detail?id=E3218B53A49CA94EE05303C7FE0A5A2F
1993147761915678721,支持中国声谷创新发展若干政策优秀解决方案示范建设奖励项目,工信部门,安徽省,2025-09-05,2025-12-31,按照实际投资总额给予建设单位最高200万元奖励。,"1. 项目为中国声谷“智能+应用场景”优秀解决方案的落地建设项目且正常实施、应用效果良好；
2. 项目由优秀解决方案研发单位落地建设完成，应用场景均位于安徽省境内； 
3. 单个示范应用项目投资额30万元以上的，需由用户单位组织3人以上专家验收。
4. 用户单位已按市场化原则支付研制单位费用的部分，不纳入政策奖补范围；
5. 项目须在2024年12月21日（含）前完成实施。",安徽省人民政府办公厅关于印发支持中国声谷创新发展若干政策和中国声谷创新发展三年行动计划（2021—2023年）的通知,https://www.ahzwfw.gov.cn/hqw-bsdt-portal/static/zcwj/detail?id=E3218B53A49CA94EE05303C7FE0A5A2F
1991428240708419585,2025年省级科技创新攻坚计划项目支持（农业）,农业部门,安徽省,2025-11-20,2025-12-31,企业牵头项目，单个省支持资金不超过项目总经费的20%。,"1.项目申报单位为安徽省内注册、具有独立法人资格的企事业单位和民非性质的新型研发机构等，有较强的创新能力、人才团队和科研基础条件保障，运行管理规范，社会信用记录良好。鼓励企业牵头，联合上下游企业和高校、科研院所组团申报项目。
2.项目申报单位须有一定的研发投入，原则上应建有相关领域省级及以上创新平台，没有的应具备较为完备的科研基础条件，研发投入较高，财务状况较好。牵头申报单位为企业性质的，须提供2022--2024年3个会计年度的财务审计报告和企业所得税年度纳税申报表，成立时间不足3年的，按实际会计年度提供，数据与系统一致;牵头申报单位为高校、科研院所、三甲医院(含三级专科医院)等事业单位及民非性质的新型研发机构的，须提供2024年科学研究与技术服务事业单位调查表中的JG1-08表，军事单位因保密需要，可不提供研发投入材料。
3.适当放宽申报单位省科技重大专项、省重点研发计划、省级科技创新攻坚计划在研项目数量限制。同一企业原则上限牵头申报1个项目。同一高校、科研院所对同一项目指南原则上限牵头申报1个项目。申报单位同一个项目不得多头申报和重复申报，并承诺本次申报的项目主要研发内容未获得国家和省级有关部门立项支持。
4.2023年以来撤销的省科技重大专项、省重点研发计划、省级科技创新攻坚计划项目，项目承担单位(高校院所指内设学院或研究所)和项目主持人不得申报;2023年以来不通过验收的，项目主持人不得申报;截至2025年9月底逾期未申请验收的，项目承担单位(高校院所指内设学院或研究所)和项目主持人不得申报。
5.项目由多个单位联合申报的，应明确1个牵头申报单位，由牵头单位与各合作单位签订具有法律效力的协议，明晰各方责任和权利、承担的工作任务、资金投入额度与分配额度以及项目实施形成的固定资产和科技成果权益归属等。
",安徽省人民政府关于印发《促进科技型企业高质量发展的若干措施》的通知,https://www.ahzwfw.gov.cn/hqw-bsdt-portal/static/zcwj/detail?id=1983007964073226242
1988937748327395330,2025年省级科技创新攻坚计划项目支持（工信）,工信部门,安徽省,2025-11-01,2025-12-31,省级财政支持原则上不超过项目投入的20%。,"1.项目申报单位为安徽省内注册、具有独立法人资格的企事业单位和民非性质的新型研发机构等，有较强的创新能力、人才团队和科研基础条件保障，运行管理规范，社会信用记录良好。鼓励企业牵头，联合上下游企业和高校、科研院所组团申报项目。
2.项目申报单位须有一定的研发投入，原则上应建有相关领域省级及以上创新平台，没有的应具备较为完备的科研基础条件，研发投入较高，财务状况较好。牵头申报单位为企业性质的，须提供2022—2024年3个会计年度的财务审计报告和企业所得税年度纳税申报表，成立时间不足3年的，按实际会计年度提供，数据与系统一致；牵头申报单位为高校、科研院所、三甲医院（含三级专科医院）等事业单位及民非性质的新型研发机构的，须提供2024年科学研究与技术服务事业单位调查表中的JG1-08表，军事单位因保密需要，可不提供研发投入材料。
3.适当放宽申报单位省科技重大专项、省重点研发计划、省级科技创新攻坚计划在研项目数量限制。同一企业原则上限牵头申报1个项目。同一高校、科研院所对同一项目指南原则上限牵头申报1个项目。申报单位同一个项目不得多头申报和重复申报，并承诺本次申报的项目主要研发内容未获得国家和省级有关部门立项支持。
4.2023年以来撤销的省科技重大专项、省重点研发计划、省级科技创新攻坚计划项目，项目承担单位（高校院所指内设学院或研究所）和项目主持人不得申报；2023年以来不通过验收的，项目主持人不得申报；截至2025年9月底逾期未申请验收的，项目承担单位（高校院所指内设学院或研究所）和项目主持人不得申报。
5.项目由多个单位联合申报的，应明确1个牵头申报单位，由牵头单位与各合作单位签订具有法律效力的协议，明晰各方责任和权利、承担的工作任务、资金投入额度与分配额度以及项目实施形成的固定资产和科技成果权益归属等。",安徽省人民政府关于印发《促进科技型企业高质量发展的若干措施》的通知,https://www.ahzwfw.gov.cn/hqw-bsdt-portal/static/zcwj/detail?id=1983007964073226242
1988150295010177026,省级电影专资奖励资助电影相关项目,其他部门,安徽省,2025-10-14,2025-11-07,1.对年度票房1000万元及以上、排名前30位的影院，每家给予奖励20万元。2.对安装先进技术设备的影院，奖励金额不超过设备采购支出的20%、最高50万元。3.对我省在央视电影频道黄金时段播出的影片，每部影片给予最高奖励50万元。4.资助我省优秀电影剧本创作生产，每部最高给予资助30万元。5.对我省创作生产的具有文化特色、艺术创新的影片，每部给予最高资助200万元。,符合申报通知中奖补条件的影院及电影机构,安徽省财政厅 中共安徽省委宣传部关于印发 《安徽省省级国家电影事业发展专项 资金管理办法》的通知,https://www.ahzwfw.gov.cn/hqw-bsdt-portal/static/zcwj/detail?id=1768477324046675970
1967506280756375554,新认定驰名商标的国内维权保护项目补助,市监部门,安徽省,2025-01-01,2027-12-31,对国家知识产权管理部门新认定驰名商标的国内维权保护项目，维权成功后，一次性给予不超过 50 万元的资金补助,对国家知识产权管理部门新认定驰名商标的国内维权保护项目，维权成功后。,安徽省省级知识产权保护专项资金管理办法,https://www.ahzwfw.gov.cn/hqw-bsdt-portal/static/zcwj/detail?id=1851193998144221186
1965981785311227905,安徽省院士工作站登记备案,科技部门,安徽省,2023-05-12,,"1.对新建登记备案院士工作站给予100万元资助。资助经费一般分三年按40%、30%、30%的比例拨付至承建单位。对具有重大影响和广阔发展前景、预期效益显著的，或同一家院士工作站入驻院士不止1位的，可采取“一事一议”方式确定资助金额。 
2.有效期满综合绩效评价等级为优秀的院士工作站，给予80万元一次性奖励，经费由承建单位按规定自主支配。院士工作站取得“卡脖子”关键核心技术突破或获得国家科技奖等重大科技创新成就的，可采取“一事一议”方式确定绩效评价奖励金额。","一、签约院士具备条件
1.在全国范围内，每位院士受聘的院士工作站数量:未退休院士不超过1个、退休院士不超过3个。
2.院士在每个工作站全职工作时间每年不少于3个月。
3.管理办法规定的《主要科技发达国家科学院、工程院名单》以外的外国科学院、工程院院士，可采取“一事一议”方式进行资
格认定。
二、设站单位具备条件
院士工作站主要依托省相关领域骨干企事业单位设立，申请随时登记备案的建站单位应具备以下条件:
1.具备独立法人资格，经营或运行状况良好且社会信用记录良好;
2.建有专门的研发机构，拥有水平较高、结构合理的研发团队，具备较强的研发能力和消化吸收再创新能力;
3.与相关领域院士及其科研团队签约，并建立长期稳定的合作关系，院士同意与其共同开展技术创新和产业化开发活动;
4.有明确的、实质性的科技研发与成果转化合作任务和稳定的经费支持，能为院士进站工作提供必要的科研、生活条件及其
他后期保障;
5.可单独登记备案的前沿领域院士工作站一般应从事量子信息、聚变能源、深空探测、人工智能、集成电路、网络安全、先进制造、新材料、碳达峰碳中和、生物种业、生命健康等前沿领域。",关于印发安徽省院士工作站管理办法的通知,https://www.ahzwfw.gov.cn/hqw-bsdt-portal/static/zcwj/detail?id=1965958350212247554
1963537758046351362,对经国家知识产权管理部门新认定的知识产权保护规范化市场、培育市场,市监部门,安徽省,2024-09-04,2027-09-04,对经国家知识产权管理部门新认定的知识产权保护规范化市场、培育市场，分别一次性给予不超过 30 万元、10 万元的资金补助。,对经国家知识产权管理部门新认定的知识产权 保护规范化市场、培育市场,安徽省省级知识产权保护专项资金管理办法,https://www.ahzwfw.gov.cn/hqw-bsdt-portal/static/zcwj/detail?id=1851193998144221186
1963535964847173634,国家级知识产权信息公共服务网点,市监部门,安徽省,2024-09-04,2027-09-04,经国家知识产权管理部门新备案的国家级知识产权信息公共服务网点每家一次性给予不超过 20 万元的资金补助。,对经国家知识产权管理部门新备案的国家级知识产权信息公共服务网点，每家一次性给予不超过 20 万元的资金补助。,安徽省省级知识产权保护专项资金管理办法,https://www.ahzwfw.gov.cn/hqw-bsdt-portal/static/zcwj/detail?id=1851193998144221186
1963534118275477505,新获得地理标志保护产品或地理标志商标,市监部门,安徽省,2024-09-04,2027-09-04,"1.对新获得地理标志保护产品或地理标志集体（证明） 商标注册证书的申报主体，每件一次性给予不超过 20 万元的资金补助。以上两项，同一产品只补助一次。
2.对新纳入在国外互认互保的地理标志产品，每件一次性给予不超过 20 万元的资金补助。","新获得地理标志保护产品或地理标志集体（证明） 商标注册证书的申报主体；
或新纳入在国外互认互保的地理标志产品。",安徽省省级知识产权保护专项资金管理办法,https://www.ahzwfw.gov.cn/hqw-bsdt-portal/static/zcwj/detail?id=1851193998144221186
1961265753564573698,支持外贸优品拓内销,商务部门,安徽省,2025-08-29,2025-12-31,给予最高5000元一次性支持。,参加省商务厅统一组织或推荐参加的外贸优品拓内销展会活动的进出口企业。,安徽省商务厅 安徽省财政厅关于2024年省级外贸促进政策的通知,https://www.ahzwfw.gov.cn/hqw-bsdt-portal/static/zcwj/detail?id=1889138866281324546
1932345628012240897,中小微企业地方水利建设基金按90%收取（2025）,税务部门,安徽省,2025-12-31,2025-12-31,地方水利建设基金按90%收取,中小微企业。中型企业、小型企业和微型企业，按照 《中小企业划型标准规定》(工信部联企业〔2011〕300号)和《金融业企业划型标准规定》(银发〔2015〕309号)中的营业收入指标、资产总额指标确定。,安徽省人民政府印发 《关于推动经济持续回升向好若干政策举措》的通知,https://www.ahzwfw.gov.cn/hqw-bsdt-portal/static/zcwj/detail?id=1928291318957793282
1932012488223809538,支持外贸转型升级基地建设,商务部门,安徽省,2026-01-01,2026-07-31,新认定或促进产贸融合发展成效明显的外贸转型升级基地,新认定或促进产贸融合发展成效明显的外贸转型升级基地,安徽省人民政府印发 《关于推动经济持续回升向好若干政策举措》的通知,https://www.ahzwfw.gov.cn/hqw-bsdt-portal/static/zcwj/detail?id=1928291318957793282
1674360104799215618,省级特色林业高质量发展示范园资金支持,林业部门,安徽省,2023-11-30,2023-11-30,对新认定的省级特色林业高质量发展示范园给予最高100万元资金支持。,对新认定的省级特色林业高质量发展示范园由市、县（市、区）林业主管部门根据上报的实施方案于翌年11月30日前完成建设验收，经验收合格后，从省财政林业资源保护修复与改革发展资金中，给予相应支持。,安徽省林业局印发关于开展省级高质量发展示范园建设的实施意见的通知,https://www.ahzwfw.gov.cn/hqw-bsdt-portal/static/zcwj/detail?id=1674356802422349826
1673263954582753281,进出口企业孵化培训经费,商务部门,安徽省,2023-06-01,2023-12-31,按中标价格支付,外贸促进政策培训承办机构,关于2023年省级外贸促进政策的通知；安徽省人民政府印发关于进一步提振市场信心促进经济平稳健康运行若干政策举措的通知,https://www.ahzwfw.gov.cn/hqw-bsdt-portal/static/zcwj/detail?id=1648867098227826690；https://www.ah.gov.cn/public/1681/564217821.html
1672886587251150849,支持中药产业公共服务平台建设,发改部门,安徽省,2024-06-15,2024-07-31,对经评定的中药产业公共服务项目，按其固定资产投入（不含土地投入）的20%予以补助，最高500万元。补助资金采取分期分批拨付方式，项目启动后拨付50%，项目建成运营并通过验收后拨付剩余资金。,"1. 基本条件
（1）项目实施单位为省内独立法人机构。
（2）项目在省内建设运营，具备中药领域关键共性技术研发、中试熟化、检验检测等功能（具备一项或多项）。
（3）项目启动时间不早于2022年1月1日，并最迟于2024年12月31日前建成。
2. 绩效目标
（1）项目完成总投资不低于2000万元，其中设备投资不低于1000万元。
（2）专职运营人员不少于10人。
（3）年度对外提供服务不少于5次。",安徽省发展改革委关于2023年度省新兴产业发展专项引导资金补助类事项“免申即享”的通知；安徽省人民政府关于巩固和增强经济回升向好态势若干政策举措,https://www.ahzwfw.gov.cn/hqw-bsdt-portal/static/zcwj/detail?id=1645272364706877442；https://www.ahzwfw.gov.cn/hqw-bsdt-portal/static/zcwj/detail?id=1759836813175209985
1672884052524191745,实施新能源汽车和智能网联汽车产业技术创新工程,发改部门,安徽省,2023-06-15,2023-07-31,对经审核认定的共性关键技术研发及产业化项目，给予承担单位投入最高20%的补助，单个项目省级补助金额最高1000万元。,"1. 基本条件
（1）项目符合2023年度支持方向。
（2）项目实施单位为省内独立法人企业，或由省内独立法人企业牵头，联合产业链上下游企业或高校院所组成的创新联合体。
（3）项目实施单位围绕申报方向已取得至少一项行业领先的研发成果，并实现产业化或具有较好的产业化潜力。
（4）项目启动时间不早于2021年1月1日。
（5）项目实施单位此前已牵头承担新能源汽车和智能网联汽车产业技术创新工程同一细分方向项目、尚未验收的，不予支持。
2. 绩效目标
新能源汽车领域：
（1）完成研发投入不少于1000万元。
（2）完成产业化阶段对应设备投入不少于5000万元。
（3）项目实施周期内提交与研发内容相关专利申请获得受理数量不少于3项。",安徽省发展改革委关于2023年度省新兴产业发展专项引导资金补助类事项“免申即享”的通知；安徽省人民政府印发关于进一步提振市场信心促进经济平稳健康运行若干政策举措的通知,https://www.ahzwfw.gov.cn/hqw-bsdt-portal/static/zcwj/detail?id=1645272364706877442；https://www.ah.gov.cn/public/1681/564217821.html
1671473427705155586,支持新材料产业重大研发产业化项目,发改部门,安徽省,2024-06-15,2024-07-31,按照研发费用和设备投入最高20%给予补助，单个项目省级最高补助500万元。省级补助资金中奖励项目科研团队的比例不低于50%。,"1. 基本条件
（1）项目符合2023年度支持方向。
（2）项目实施单位为省内独立法人企业或由省内独立法人企业牵头，联合产业链上下游企业或高校院所组成的创新联合体。
（3）项目实施单位围绕申报方向已取得至少一项行业领先的研发成果，并实现产业化或具有较好的产业化潜力。
（4）项目启动时间不早于2021年1月1日。
2. 绩效目标
（1）完成研发投入不少于300万元。
（2）完成产业化阶段对应设备投入不少于3000万元。
（3）项目实施周期内提交与研发内容相关专利申请获得受理数量不少于1项。",安徽省发展改革委关于2023年度省新兴产业发展专项引导资金补助类事项“免申即享”的通知；安徽省人民政府关于巩固和增强经济回升向好态势若干政策举措,https://www.ahzwfw.gov.cn/hqw-bsdt-portal/static/zcwj/detail?id=1645272364706877442；https://www.ahzwfw.gov.cn/hqw-bsdt-portal/static/zcwj/detail?id=1759836813175209985
1671470372817391618,支持人工智能产业创新能力提升,发改部门,安徽省,2023-06-15,2023-07-31,对技术含量高、市场潜力大的研发按照不超过项目研发费用的50%予以补助，单个项目补助最高500万元。,"1. 基本条件
（1）项目符合2023年度支持方向。
（2）项目实施单位为省内独立法人企业。
（3）项目实施单位围绕申报方向已取得至少一项行业领先的研发成果，并实现产业化或具有较好的产业化潜力。
（4）项目启动时间不早于2021年1月1日。
2. 绩效目标
（1）完成研发投入不少于500万元。
（2）完成产业化阶段对应设备投入不少于2000万元。
（3）项目实施周期内提交与研发内容相关专利申请获得受理数量不少于1项。",安徽省发展改革委关于2023年度省新兴产业发展专项引导资金补助类事项“免申即享”的通知；安徽省人民政府印发关于进一步提振市场信心促进经济平稳健康运行若干政策举措的通知,https://www.ahzwfw.gov.cn/hqw-bsdt-portal/static/zcwj/detail?id=1645272364706877442；https://www.ah.gov.cn/public/1681/564217821.html
1669622490157993986,“未来新徽商”特训营第三方服务费支付,人社部门,安徽省,2023-12-31,2023-12-31,根据中标的金额及验收情况确定。,中标“未来新徽商”特训营第三方服务项目，达到合同规定的付款条件后支付。,安徽省人民政府印发关于进一步提振市场信心促进经济平稳健康运行若干政策举措的通知；安徽省人民政府关于印发创业安徽行动方案的通知,https://www.ah.gov.cn/public/1681/564217821.html；https://www.ahzwfw.gov.cn/hqw-bsdt-portal/static/zcwj/detail?id=1554011475789942785
1669148885477412866,省级创业研究院补助,人社部门,安徽省,2023-01-01,2023-12-31,最高给予50万元补助，补助资金分3年拨付，第1年最高20万元，第2年最高20万元，第3年最高10万元。,按照省人力资源社会保障厅、省教育厅、省财政厅相关认定文件要求，被认定为省级创业研究院。,安徽省人民政府印发关于进一步提振市场信心促进经济平稳健康运行若干政策举措的通知；安徽省人民政府印发关于进一步提振市场信心促进经济平稳健康运行若干政策举措的通知；关于认定首批省级创业研究院的通知,https://www.ah.gov.cn/public/1681/564217821.html；https://www.ah.gov.cn/public/1681/564217821.html；https://www.ahzwfw.gov.cn/hqw-bsdt-portal/static/zcwj/detail?id=1674221215774187522
1648508492408086530,支持省内骨干企业与央企、省外大型企业组建联合体,住建部门,安徽省,2023-04-19,,抽水蓄能电站、跨江越河桥梁隧道、大型机场航站楼等高精尖项目实行“联合体”招标，支持省内骨干企业与具有相应资质、相关工程业绩的央企、省外大型企业组成“联合体”参与市场竞争。,抽水蓄能电站、跨江越河桥梁隧道、大型机场航站楼等高精尖项目实行“联合体”招标，支持省内骨干企业与具有相应资质、相关工程业绩的央企、省外大型企业组成“联合体”参与市场竞争。,安徽省人民政府印发关于进一步提振市场信心促进经济平稳健康运行若干政策举措的通知,https://www.ah.gov.cn/public/1681/564217821.html
1672888643030536194,支持产业基础共性技术服务平台项目建设,发改部门,安徽省,2024-06-15,2024-07-31,对经评定的产业公共服务平台项目，按其固定资产投入（不含土地投入）的20%予以补助，省级最高补助500万元。补助资金采取分期分批拨付方式，项目启动后拨付50%，项目建成运营并通过验收后拨付剩余资金。,"1. 基本条件
（1）项目实施单位为省内独立法人机构或地方政府及其相关部门、派出机构。
（2）项目建成后，可在产业基础领域（基础零部件、基础元器件、基础材料、基础软件、基础工艺、未来产业基础）具备关键共性技术研发、中试熟化、检验检测等公共服务功能（具备一项或多项）。
2. 绩效目标
（1）项目完成总投资不低于2000万元，其中设备投资不低于1000万元。
（2）专职运营人员不少于10人。
（3）年度对外提供服务不少于5次。",安徽省发展改革委关于2023年度省新兴产业发展专项引导资金补助类事项“免申即享”的通知；安徽省人民政府关于巩固和增强经济回升向好态势若干政策举措,https://www.ahzwfw.gov.cn/hqw-bsdt-portal/static/zcwj/detail?id=1645272364706877442；https://www.ahzwfw.gov.cn/hqw-bsdt-portal/static/zcwj/detail?id=1759836813175209985
2043861402018082817,国家级专精特新“小巨人”企业奖补,工信部门,安徽省,2025-01-16,,每户100万元,获得国家级专精特新“小巨人”称号的企业,安徽省制造业优质企业成长计划,https://www.ahzwfw.gov.cn/hqw-bsdt-portal/static/zcwj/detail?id=1879806772912660481
2041710785156698114,省专精特新专板奖补,工信部门,安徽省,2026-01-01,2026-06-30,对集中进入省“专精特新”专板培育的专精特新企业，省级给予一次性奖补20万元 ,对集中进入省“专精特新”专板培育的专精特新企业,安徽省制造业优质企业成长计划,https://www.ahzwfw.gov.cn/hqw-bsdt-portal/static/zcwj/detail?id=1879806772912660481
2034075855456268289,培育卓越级、领航级智能工厂,工信部门,安徽省,2026-03-31,2026-06-30,对获得国家智能制造示范工厂的企业奖补200万元；对获得国家智能制造优秀场景的企业奖补50万元，每增加1个国家智能制造优秀场景增加10万元，最高不超过100万元。,获得国家智能工厂和优秀场景称号的企业。,安徽省人民政府办公厅关于印发 《安徽省以新型技术改造推动制造业 高端化智能化绿色化发展行动方案》的通知；关于巩固拓展经济稳中向好势头若干政策举措,https://www.ahzwfw.gov.cn/hqw-bsdt-portal/static/zcwj/detail?id=2026950883933691905；https://www.ahzwfw.gov.cn/hqw-bsdt-portal/static/zcwj/detail?id=2027281495567638530
1676490877819985921,新进入中国民营经济500强企业奖补,工信部门,安徽省,2024-03-20,2024-09-30,每户一次性奖励100万元,新进入中国民营企业500强的企业,安徽省人民政府印发关于进一步提振市场信心促进经济平稳健康运行若干政策举措的通知；安徽省人民政府关于印发支持制造强省建设若干政策的通知,https://www.ah.gov.cn/public/1681/564217821.html；https://www.ahzwfw.gov.cn/hqw-bsdt-portal/static/zcwj/detail?id=1581901187441410050
1658429755075764226,2023年省级数字化转型典型示范项目,工信部门,安徽省,2024-03-11,2024-06-30,按项目设备、工业软件购置额，给予10%的奖补，单个项目最高奖补500万元，当年预拨50%，剩余50%待评估后根据情况再行拨付。,"申报企业。在安徽省境内注册，具有独立法人资格，法人治理结构规范，成立一周年以上；财务管理制度健全，会计核算真实、完整，并按照《企业财务通则》等规定及时编报会计报表。
项目方向。数字化转型项目应在研发设计、生产、采购、销售、财务、人力、办公等关键环节应用数字化设备和信息管理系统；产业基础能力提升项目方向符合2022年《工业强基任务表》；产业链现代化水平提升项目方向符合2022年《重点短板领域技术改造指导目录》；数字化绿色化协同符合《制造业数字化绿色化协同改造指导目录》规定的方向。
工业互联网平台搭建和使用。企业基础数智能力良好，有面向企业集团或工厂内部应用的工业互联网平台。
项目实施进度。项目在建，前期工作完备，资金落实到位，项目已购置设备和软件额不低于2000万元。原则上项目自申报年度开始2年内预计可完工。
项目预计效益。项目实施可优化研发设计、生产制造、运营管理等资源配置效率，促进节能降耗和效益的提升，带动产业链上下游整体转型。",安徽省人民政府办公厅关于印发以数字化转型推动制造业高端化智能化绿色化发展实施方案及支持政策的通知；安徽省人民政府印发关于进一步提振市场信心促进经济平稳健康运行若干政策举措的通知,https://www.ahzwfw.gov.cn/hqw-bsdt-portal/static/zcwj/detail?id=1637974993549049858；https://www.ah.gov.cn/public/1681/564217821.html
1656156332857401346,合肥综合性国家科学中心建设奖补,发改部门,安徽省,,,省级主管部门按程序将专项资金安排建议向社会公示后，提请省政府常务会议审议，涉及大额资金安排的提请省委审定,项目入库后，项目单位可申请专项资金支持（第14条）,合肥综合性国家科学中心办公室关于印发合肥综合性国家科学中心项目支持管理办法的通知；安徽省人民政府印发关于进一步提振市场信心促进经济平稳健康运行若干政策举措的通知,https://www.ahzwfw.gov.cn/hqw-bsdt-portal/static/zcwj/detail?id=1640255017218277377；https://www.ah.gov.cn/public/1681/564217821.html
1655764323181174785,普惠型小微企业贷款风险补偿引导资金,金融部门,安徽省,2023-01-30,2023-12-31," 风险补偿引导资金补偿标准：
（一）省级风险补偿引导资金按市级风险补偿资金补偿标准的50%给予补贴；对于皖北地区和安徽大别山革命老区，省级风险补偿引导资金按市级风险补偿资金补偿标准的60%给予补贴。
（二）省级风险补偿上限不超过该笔不良贷款（本金余额，下同）的7.5%；对于皖北地区和安徽大别山革命老区，上述标准提高至9%。
（三）该笔贷款属于普惠型小微企业在银行业金融机构获得的首笔贷款，或是以信用方式获得的贷款，省级补偿标准上限提高至15%；对于皖北地区和安徽大别山革命老区，上述标准提高至18%。
（四）各级政策资金对银行累计补偿金额不得超过其本金金额的80%。
（五）该政策与科技企业贷款风险补偿等省级风险补偿支持政策不同享。","1.风险补偿引导资金补偿对象为各市级风险补偿资金。
2.申请风险补偿引导资金的贷款项目，单户企业贷款额度最高不超过1000万元，小微企业主和个体工商户贷款额度最高不超过300万元。
3.纳入风险补偿引导资金的贷款项目必须为新发放的银行贷款（含续贷）。
4.银行贷款项目中由融资担保公司担保的项目，对银行不予以风险补偿。
5.申请风险补偿引导资金的贷款项目中，当银行的不良贷款率超过4%时，即暂停办理该银行不良贷款项目的风险补偿业务。待前述比例降至4%以内，恢复办理该银行不良贷款项目的风险补偿业务。",安徽省人民政府印发关于进一步提振市场信心促进经济平稳健康运行若干政策举措的通知；安徽省普惠型小微企业贷款风险补偿引导资金管理暂行办法,https://www.ah.gov.cn/public/1681/564217821.html；http：//ahjr.ah.gov.cn/publ
1655507928619851777,省级服务业集聚示范园区认定奖补,发改部门,安徽省,2023-01-01,2023-12-31,对省级现代服务业集聚示范园区，省服务业发展引导资金给予最高300万元一次性奖补。,省级服务业集聚示范区（含省级示范物流园区）,安徽省人民政府关于印发加快发展现代服务业若干政策的通知；安徽省人民政府印发关于进一步提振市场信心促进经济平稳健康运行若干政策举措的通知,https://fzggw.ah.gov.cn/public/7011/140798641.html；https://www.ah.gov.cn/public/1681/564217821.html
1655462147670056962,委托旅行社或具有疗休养资质的文旅企业代办事项预付款比例不低于50%,其他部门,安徽省,2023-03-09,2023-11-30,"落实职工疗休养和带薪休假制度，委托旅行社或具有疗休养资质的文旅企业代理安排交通、住宿、餐饮、会务等事项的，预付款比例不低于50%。
",各级机关、国有企事业单位委托旅行社或具有疗休养资质的文旅企业,安徽省人民政府印发关于进一步提振市场信心促进经济平稳健康运行若干政策举措的通知；关于印发《2023年困难职工精准帮扶提升行动实施方案》《2023年全省工会职工疗休养活动工作方案》《2023年全省工会组织万名农民工、新就业形态劳动者免费体检活动工作方案》的通知,https://www.ah.gov.cn/public/1681/564217821.html；https://www.ahzwfw.gov.cn/hqw-bsdt-portal/static/zcwj/detail?id=1655459451441422338
1655405731265552385,灵活就业人员增员,医保部门,安徽省,2022-05-06,,灵活就业人员首次在统筹地区参加职工医保的，设置不超过6个月待遇享受等待期，等待期满并按规定继续缴纳基本医保费的，享受统筹地区规定的职工医保保障待遇。,职工非用工形式缴纳医疗保险。,安徽省医疗保障局安徽省财政厅国家税务总局安徽省税务局关于进一步促进新就业形态劳动者参加基本医疗保险工作的通知；安徽省人民政府印发关于进一步提振市场信心促进经济平稳健康运行若干政策举措的通知,https://www.ahzwfw.gov.cn/hqw-bsdt-portal/static/zcwj/detail?id=1648169544792326146；https://www.ah.gov.cn/public/1681/564217821.html
1654835803919654914,衔接推进乡村振兴补助资金,其他部门,安徽省,2023-01-01,,各县（市、区）根据项目序时进度和合同约定据实拨付衔接资金。,纳入巩固拓展脱贫攻坚成果和乡村振兴项目库管理，本年度衔接推进乡村振兴补助资金支持项目的实施单位或个人，依据项目序时进度和合同约定申请，各县（市、区）据实拨付衔接资金。,关于进一步做好项目库建设及2023年度中央和省级财政衔接推进乡村振兴补助资金使用和项目安排的通知（安排衔接全面推进乡村振兴补助资金30亿元以上，优先支持联农带农富农产业发展）；安徽省人民政府印发关于进一步提振市场信心促进经济平稳健康运行若干政策举措的通知,https://www.ahzwfw.gov.cn/hqw-bsdt-portal/static/zcwj/detail?id=1654383951587483649；https://www.ah.gov.cn/public/1681/564217821.html
1654746127493931010,省级跨境电商产业园年度评估优秀奖励,商务部门,安徽省,,,对年度评估等次为优秀的给予最高30万元资金支持。,2023年评估等次为优秀的省级跨境电商产业园,关于2023年省级外贸促进政策的通知；安徽省人民政府印发关于进一步提振市场信心促进经济平稳健康运行若干政策举措的通知,https://www.ahzwfw.gov.cn/hqw-bsdt-portal/static/zcwj/detail?id=1648867098227826690；https://www.ah.gov.cn/public/1681/564217821.html
1654391660613378049,电力接入工程“零投资”,"发改部门,物价部门",安徽省,2021-03-01,,享受电力接入工程“零投资”政策,无,安徽省人民政府印发关于进一步提振市场信心促进经济平稳健康运行若干政策举措的通知；安徽省发展改革委安徽省能源局关于进一步做好电力接入工程“零投资”创建一流营商环境的通知,https://www.ah.gov.cn/public/1681/564217821.html；https://www.ahzwfw.gov.cn/hqw-bsdt-portal/static/zcwj/detail?id=1640168458469048322
1651056262176743426,租赁公共海外仓资金支持,商务部门,安徽省,,,对租赁公共海外仓、年海外销售额达200万美元以上，且海外仓年使用费用超过5万美元的，按照海外仓年使用费用给予最高10%的资金支持；对租赁公共海外仓、年海外销售额达500万美元以上，且海外仓年使用费用超过15万美元的，按照海外仓年使用费用给予最高15%的资金支持，对在美国、欧盟、“一带一路”、RCEP等重点、新兴市场租赁海外仓的支持比例提高5个百分点，单个企业可达30万元 ,租赁公共海外仓、年海外销售额达200万美元以上，且海外仓年使用费用超过5万美元的企业,关于2023年省级外贸促进政策的通知；安徽省人民政府印发关于进一步提振市场信心促进经济平稳健康运行若干政策举措的通知,https://www.ahzwfw.gov.cn/hqw-bsdt-portal/static/zcwj/detail?id=1648867098227826690；https://www.ah.gov.cn/public/1681/564217821.html
1651055535010258945,自建海外仓一次性建设资金支持,商务部门,安徽省,,,对建设面积2000平方米以上，且年仓库货物交易额300万美元以上的海外仓，按当年固定资产投入给予最高5%的支持；对建设面积5000平方米以上，或年仓库货物交易额1000万美元以上的海外仓，按当年固定资产投入给予最高10%的支持，对在美国、欧盟、“一带一路”、RCEP等重点、新兴市场建设海外仓的支持比例提高5个百分点，单个企业可达200万元 ,建设面积2000平方米以上，且年仓库货物交易额300万美元以上海外仓的企业,关于2023年省级外贸促进政策的通知；安徽省人民政府印发关于进一步提振市场信心促进经济平稳健康运行若干政策举措的通知,https://www.ahzwfw.gov.cn/hqw-bsdt-portal/static/zcwj/detail?id=1648867098227826690；https://www.ah.gov.cn/public/1681/564217821.html
1651054550711967745,企业自行参加境外展会展位费支持,商务部门,安徽省,,,给予最多2个展位（或光地40平方米以内）展位费最高80%的补贴。单个企业支持最高可达60万元，其中单个展会最高5万元。 ,进出口额6500万美元以上重点企业和省级出口品牌企业,关于2023年省级外贸促进政策的通知；安徽省人民政府印发关于进一步提振市场信心促进经济平稳健康运行若干政策举措的通知,https://www.ahzwfw.gov.cn/hqw-bsdt-portal/static/zcwj/detail?id=1648867098227826690；https://www.ah.gov.cn/public/1681/564217821.html
1651053743996313601,支持境外统一组展参展,商务部门,安徽省,,,给予最多2个展位费（或光地40平方米以内）最高80%，人员国际机票费最多2人最高70%补贴，单个企业单个展会最高支持5万元。 ,进出口企业,关于2023年省级外贸促进政策的通知；安徽省人民政府印发关于进一步提振市场信心促进经济平稳健康运行若干政策举措的通知,https://www.ahzwfw.gov.cn/hqw-bsdt-portal/static/zcwj/detail?id=1648867098227826690；https://www.ah.gov.cn/public/1681/564217821.html
1651050148655702018,餐饮企业、品牌便利店、老字号企业1新设直营连锁店奖励,商务部门,安徽省,2023-04-01,2023-06-30,给予不超过项目总投资30%且不超过40万元的补助,"便利店、超市（含生鲜超市）品牌连锁企业新设直营连锁店分别达到20家、10家及以上的，或在各市确定的城市一刻钟便民生活圈建设试点社区内新设直营连锁店分别达到10家、5家及以上的。
餐饮企业新增单店面积超过3000平方米或新设直营网点达到10家及以上的，以及新增徽菜连锁企业且直营连锁店达到5家及以上的。
已认定的“中华老字号”、“安徽老字号”企业在申报期内新设直营连锁店达5家及以上的。",安徽省商务厅安徽省财政厅关于2023年商贸流通业发展促进政策的通知；安徽省人民政府印发关于进一步提振市场信心促进经济平稳健康运行若干政策举措的通知,https://www.ahzwfw.gov.cn/hqw-bsdt-portal/static/zcwj/detail?id=1651041137587822593；https://www.ah.gov.cn/public/1681/564217821.html
1651048971562033154,省级特色商业街升级改造奖励,商务部门,安徽省,2023-04-01,2023-06-30,给予不超过项目总投资30%且不超过60万元的补助,"对已认定的“安徽特色商业街”开展的进一步升级改造（包括提升夜市品质）项目				
",安徽省商务厅安徽省财政厅关于2023年商贸流通业发展促进政策的通知；安徽省人民政府印发关于进一步提振市场信心促进经济平稳健康运行若干政策举措的通知,https://www.ahzwfw.gov.cn/hqw-bsdt-portal/static/zcwj/detail?id=1651041137587822593；https://www.ah.gov.cn/public/1681/564217821.html
1651041647720046594,企业承揽境外工程项目资金支持,商务部门,安徽省,,,根据当年度实际完成营业额按比例给予不超过100万元的补助,对2023年实施的合同额1000万美元以上的项目,关于2023年对外投资合作促进政策的通知；安徽省人民政府印发关于进一步提振市场信心促进经济平稳健康运行若干政策举措的通知,https://www.ahzwfw.gov.cn/hqw-bsdt-portal/static/zcwj/detail?id=1648870586559160322；https://www.ah.gov.cn/public/1681/564217821.html
1651040826118807554,投资“一带一路”沿线国家和地区、开展国际产能和装备制造合作的实体经济项目资金支持,商务部门,安徽省,,,根据企业实际投资额按比例给予不超过200万元的补助,对2023年实际投资单个境外企业100万美元以上的项目,关于2023年对外投资合作促进政策的通知；安徽省人民政府印发关于进一步提振市场信心促进经济平稳健康运行若干政策举措的通知,https://www.ahzwfw.gov.cn/hqw-bsdt-portal/static/zcwj/detail?id=1648870586559160322；https://www.ah.gov.cn/public/1681/564217821.html
1651039237320646658,新获批省级跨境电商产业园奖励,商务部门,安徽省,,,对2023年新获批的省级跨境电商产业园给予最高100万元资金支持，对年度评估等次为优秀的给予最高30万元资金支持。,2023年新获批及评估等次优秀的省级跨境电商产业园,关于2023年省级外贸促进政策的通知；安徽省人民政府关于巩固和增强经济回升向好态势若干政策举措,https://www.ahzwfw.gov.cn/hqw-bsdt-portal/static/zcwj/detail?id=1648867098227826690；https://www.ahzwfw.gov.cn/hqw-bsdt-portal/static/zcwj/detail?id=1759836813175209985
1651037459199991809,中小企业“信保贷”融资贷款贴息,商务部门,安徽省,,,按照融资到期日的利息实际发生额，给予不超过30%的贴息，单个企业最高可达10万元。 ,对上年度出口额1000万美元以下的中小企业向商业银行申请的依托出口信用险保单增信发放的融资业务,关于2023年省级外贸促进政策的通知；安徽省人民政府印发关于进一步提振市场信心促进经济平稳健康运行若干政策举措的通知,https://www.ahzwfw.gov.cn/hqw-bsdt-portal/static/zcwj/detail?id=1648867098227826690；https://www.ah.gov.cn/public/1681/564217821.html
1651035817062866946,小微企业基本风险统保,商务部门,安徽省,,,对企业缴纳的出口信保费给予100%补贴,2023年出口额500万美元以下的小微企业,关于2023年省级外贸促进政策的通知；安徽省人民政府印发关于进一步提振市场信心促进经济平稳健康运行若干政策举措的通知,https://www.ahzwfw.gov.cn/hqw-bsdt-portal/static/zcwj/detail?id=1648867098227826690；https://www.ah.gov.cn/public/1681/564217821.html
1651032733729333249,国际市场资信调查费支持,商务部门,安徽省,2024-04-01,2024-06-30,给予资信调查费50%补贴，单个企业最高可达10万元。,2023年为开拓国际市场向出口信用险承办机构缴纳的资信调查费且达到1万元以上（含）的企业,关于2023年省级外贸促进政策的通知；安徽省人民政府印发关于进一步提振市场信心促进经济平稳健康运行若干政策举措的通知,https://www.ahzwfw.gov.cn/hqw-bsdt-portal/static/zcwj/detail?id=1648867098227826690；https://www.ah.gov.cn/public/1681/564217821.html
1650811280551485441,服务合肥国际陆港中欧、中亚班列的集装箱运输车辆ETC通行费优惠,交通部门,安徽省,2023-03-01,2023-12-31,在规定的收费站点通行，给予省内高速公路实际通行费五折优惠,"对服务合肥国际陆港中欧、中亚班列的合法装载ETC套装集装箱运输车辆，在规定的收费站点通行，给予省内高速公路实际通行费五折优惠。

",安徽省人民政府印发关于进一步提振市场信心促进经济平稳健康运行若干政策举措的通知；关于印发《安徽省主要港口和中欧亚班列国际标准集装箱运输车辆高速公路差异化收费操作细则（试行）》的通知,https://www.ah.gov.cn/public/1681/564217821.html；https://www.ahzwfw.gov.cn/hqw-bsdt-portal/static/zcwj/detail?id=1651864912109674497
1650429614762926082,用地计划指标保障,自规部门,安徽省,2023-02-28,,纳入国家重大项目清单、国家军事设施重大项目清单的项目用地，以及纳入省级人民政府重大项目清单的能源、交通、水利、军事设施、产业单独选址项目用地。,纳入国家重大项目清单、国家军事设施重大项目清单的项目用地，以及纳入省级人民政府重大项目清单的能源、交通、水利、军事设施、产业单独选址项目用地。,安徽省自然资源厅关于2023年新增建设用地计划指标预安排的通知；关于积极做好用地用海要素保障的通知；安徽省人民政府印发关于进一步提振市场信心促进经济平稳健康运行若干政策举措的通知,https://www.ahzwfw.gov.cn/hqw-bsdt-portal/static/zcwj/detail?id=1654318124800581633；https://www.ahzwfw.gov.cn/hqw-bsdt-portal/static/zcwj/detail?id=1654317257233965058；https://www.ah.gov.cn/public/1681/564217821.html
1650323121128513538,降低收取船闸费,"发改部门,水利部门,交通部门",安徽省,2019-03-25,,办理船舶过闸缴费时直接减免。省管船闸重载船舶每吨次0.72元，空载船舶每吨次0.54元。,办理船舶过闸缴费时直接减免。省管船闸重载船舶每吨次0.72元，空载船舶每吨次0.54元。,安徽省发展改革委安徽省水利厅安徽省交通运输厅关于继续执行河道船闸船舶过闸费优惠政策的通知；安徽省人民政府印发关于进一步提振市场信心促进经济平稳健康运行若干政策举措的通知,https://www.ahzwfw.gov.cn/hqw-bsdt-portal/static/zcwj/detail?id=1646436677091508225；https://www.ah.gov.cn/public/1681/564217821.html
1648989910850527233,2023年度省新兴产业发展专项引导资金补助类事项,发改部门,安徽省,2023-04-07,2023-09-30,详见政策文件,详见政策文件,安徽省发展改革委关于2023年度省新兴产业发展专项引导资金补助类事项“免申即享”的通知；安徽省人民政府印发关于进一步提振市场信心促进经济平稳健康运行若干政策举措的通知,https://www.ahzwfw.gov.cn/hqw-bsdt-portal/static/zcwj/detail?id=1645272364706877442；https://www.ah.gov.cn/public/1681/564217821.html
1648890250190315522,项目环评承诺制审批,生态部门,安徽省,2023-12-31,2023-12-31,按照法定流程和时限完成受理和审批。,在区域环境质量改善的情况下，县级以上地方政府书面承诺兑现排污总量指标来源。,安徽省生态环境厅关于强化生态环境保障和服务助力稳经济若干措施的通知；安徽省人民政府印发关于进一步提振市场信心促进经济平稳健康运行若干政策举措的通知,https://www.ahzwfw.gov.cn/hqw-bsdt-portal/static/zcwj/detail?id=1582614867778531329；https://www.ah.gov.cn/public/1681/564217821.html
1648603743609085953,客运、货运、新增过夜飞机、机场运营补助,交通部门,安徽省,2024-01-01,,"1. 客运补助。
（1）定期客运航线航班补助。对新开（含新增、恢复，下同）定期客运航线航班，并且按照航班时刻计划执行的始发或经停本省相关机场，班期执飞周期满足冬春季或夏秋季一个航季以上的国际、国内及港澳台地区航线航班给予补助。其中，国内定期航线每班补助最高4万元，港澳台地区航线每班补助最高5万元，亚洲区域航线每班补助最高8万元，洲际航线每班补助最高20万元。此项补助资金最高为市级补助资金的三分之一。
（2）季节性客运航线航班补助。对新开始发或经停本省相关机场的季节性客运航线航班，且一个航季内执飞航班量达8班（16架次）及以上的，每班补助最高3万元。此项补助资金最高为市级补助资金的三分之一。
（3）客运增量补助。以上一年度机场旅客吞吐量为基数，对旅客吞吐量增量部分，每万人次补助最高2万元。此项补助资金最高为市级补助资金的三分之一，统筹用于支持航空公司加密航班、机型小改大、中转联程等项目。
（4）新增过夜飞机客运补助。以上一年度过夜飞机架次为基数，对航空企业在本省相关机场新增过夜飞机（全年需在省内机场执飞满200天）给予补助。其中，每增加1架60座至100座（含）之间的飞机，补助最高100万元；每增加1架100座至150座（含）之间的飞机，补助最高150万元；每增加1架150座以上的飞机，补助最高200万元。此项补助资金最高为市级补助资金的三分之一。
（5）异地城市候机楼客运补助。根据异地城市候机楼新增客运量，给予每个异地城市候机楼最高15万元补助。
2. 货运补助。
（1）货运航线航班补助。新开（含临时货运包机、客改货）始发或经停本省相关机场，且按照航班时刻计划执行的货运航线航班中，对执飞国内及港澳台地区航线全年不不少于40班、国际航线全年不少于15班的货机航班给予补助，其中，国内及港澳台地区航线每班补助最高8万元；亚洲区域性航线每班补助最高20万元；洲际航线每班补助最高30万元。此项补助资金最高为市级补助资金的三分之一。
（2）货运增量补助。以上一年度机场货邮吞吐量为基数，对机场年度货邮吞吐量增量部分给予补助，每吨补助最高2000元。此项补助资金统筹用于支持航空货运代理企业（或货主企业）组货、中转联程等项目。
（3）航空卡班运输补助。对省内民航运输机场运输出港航空货邮的运输单位，按照载运货量每公斤最高0.4元的标准给予补助。等等。
",安徽省内机场运营单位与航空公司、货代企业、异地航站楼运营企业等市场主体签订有关协议，并汇总申报项目经各市民航牵头部门、财政部门审核后向省民航办申报。对符合管理办法规定的项目，省民航办安排年度补助资金，省财政厅将补助资金拨付至相关市财政局，由机场运营单位协助市财政或民航牵头部门，结合协议履行情况兑现给各申报市场主体。,安徽省人民政府印发关于进一步提振市场信心促进经济平稳健康运行若干政策举措的通知；安徽省交通运输厅安徽省财政厅关于印发安徽省民航发展专项资金使用管理办法的通知,https://www.ah.gov.cn/public/1681/564217821.html；https://www.ahzwfw.gov.cn/hqw-bsdt-portal/static/zcwj/detail?id=1651768088199864322
1648586846054309889,进出合肥港、芜湖港、蚌埠港、安庆港和马鞍山钢的集装箱运输车辆ETC通行费优惠,交通部门,安徽省,2023-03-01,2023-12-31,在规定的收费站点通行，给予省内高速公路实际通行费五折优惠,对进出合肥港、芜湖港、蚌埠港、安庆港和马鞍山港的合法装载ETC套装集装箱运输车辆，在规定的收费站点通行，给予省内高速公路实际通行费五折优惠。,安徽省人民政府印发关于进一步提振市场信心促进经济平稳健康运行若干政策举措的通知；关于印发《安徽省主要港口和中欧亚班列国际标准集装箱运输车辆高速公路差异化收费操作细则（试行）》的通知,https://www.ah.gov.cn/public/1681/564217821.html；https://www.ahzwfw.gov.cn/hqw-bsdt-portal/static/zcwj/detail?id=1651864912109674497
1648583442309505026,房产税、城镇土地使用税困难性减免,税务部门,安徽省,2023-01-01,,纳税人因本公告第一条减免的税额，不得超过减免年度城镇土地使用税、房产税应纳税额。,"纳税人符合下列情形之一， 纳税确有困难的， 可以申请享受困难减免：
（一）因风、火、水、地震等自然灾害或其他不可抗力因素遭受重大损失的；
（二）承担县级以上人民政府任务、从事国家鼓励和扶持产业或社会公益事业发生严重亏损的；
（三）因城市建设、环境整治等， 土地、房产不能正常使用的；
（四）全面停产、停业连续半年以上的；
（五）关闭、撤销、破产等导致土地、房产闲置不用的；
（六）县级以上人民政府准予困难减免的其他情形。",国家税务总局安徽省税务局关于加强 城镇土地使用税房产税困难减免 管理有关问题的公告；安徽省人民政府印发关于进一步提振市场信心促进经济平稳健康运行若干政策举措的通知,https://www.ahzwfw.gov.cn/hqw-bsdt-portal/static/zcwj/detail?id=1636162587625574401；https://www.ah.gov.cn/public/1681/564217821.html
1648535550433615874,新能源汽车免征车辆购置税,税务部门,安徽省,2023-01-01,2023-12-31,对购置日期在2023年1月1日至2023年12月31日期间内的新能源汽车，免征车辆购置税。,征车辆购置税的新能源汽车，通过工业和信息化部、税务总局发布《免征车辆购置税的新能源汽车车型目录》（以下简称《目录》）实施管理。自《目录》发布之日起购置的，列入《目录》的纯电动汽车、插电式混合动力（含增程式）汽车、燃料电池汽车，属于符合免税条件的新能源汽车。,财政部税务总局工业和信息化部关于延续新能源汽车免征车辆购置税政策的公告；安徽省人民政府印发关于进一步提振市场信心促进经济平稳健康运行若干政策举措的通知,https://www.ahzwfw.gov.cn/hqw-bsdt-portal/static/zcwj/detail?id=1646781449714974721；https://www.ah.gov.cn/public/1681/564217821.html
1648509482934919170,政府投资项目施工过程结算款支付比例不低于85%,住建部门,安徽省,2023-04-19,,对各级政府及部门、事业单位、国有企业投资且合同价款1亿元以上（含本数）的房屋建筑和市政基础设施项目，全面实行施工过程结算，建设单位在工程竣工验收前工程款支付比例不低于85%（含工程预付款）。,对各级政府及部门、事业单位、国有企业投资且合同价款1亿元以上（含本数）的房屋建筑和市政基础设施项目，全面实行施工过程结算，建设单位在工程竣工验收前工程款支付比例不低于85%（含工程预付款）。,安徽省人民政府印发关于进一步提振市场信心促进经济平稳健康运行若干政策举措的通知；关于切实加强全省房屋建筑和市政基础设施工程招标投标活动管理的通知,https://www.ah.gov.cn/public/1681/564217821.html；https://www.ahzwfw.gov.cn/hqw-bsdt-portal/static/zcwj/detail?id=1655765285077688322
1648507112180080642,“评定分离”试点,住建部门,安徽省,2023-04-19,,在招投标中，对各级政府投资、达到一定建设规模的水利、公路、机场、铁路、电力、通信等专业市场领域项目，开展“评定分离”试点，由建设单位择优确定中标企业。具体建设规模由省相关行业主管部门确定。,对各级政府投资、达到一定建设规模的水利、公路、机场、铁路、电力、通信等专业市场领域项目，开展“评定分离”试点，由建设单位择优确定中标企业。具体建设规模由省相关行业主管部门确定。,安徽省人民政府印发关于进一步提振市场信心促进经济平稳健康运行若干政策举措的通知；关于进一步做好房建市政工程建设领域“评定分离”试点工作的通知,https://www.ah.gov.cn/public/1681/564217821.html；https://www.ahzwfw.gov.cn/hqw-bsdt-portal/static/zcwj/detail?id=1655763194921787394
1648196193315373058,“两业融合”示范类项目补助,发改部门,安徽省,2023-01-01,2023-12-31,给予不超过核定投资10%的补助,通过竞争性评审的“两业融合”示范类、创新型公共服务平台等项目,安徽省发展改革委关于印发安徽省服务业发展引导资金管理办法试行（修订）的通知；安徽省人民政府印发关于进一步提振市场信心促进经济平稳健康运行若干政策举措的通知,https://www.ahzwfw.gov.cn/hqw-bsdt-portal/static/zcwj/detail?id=1648197404802334721；https://www.ah.gov.cn/public/1681/564217821.html
1648173869979582465,降低收取水资源费省级部分,"发改部门,财政部门,水利部门",安徽省,2019-11-19,,水资源费省级部分减按80%收取,适用获得省级以上行业主管部门命名的节水型企业、公共机构节水型单位（含学校、医院）在计划内取用地下水的。,安徽省发展改革委安徽省财政局安徽省水利厅关于调整地下水水资源费征收标准的通知；安徽省人民政府印发关于进一步提振市场信心促进经济平稳健康运行若干政策举措的通知,http://czt.ah.gov.cn/zdzt/xzsyxsfhzfxjjmlqd/140413261.html；https://www.ah.gov.cn/public/1681/564217821.html
1647793757564092417,小微企业低压接入服务,发改部门,安徽省,2023-02-28,2023-12-31,对用电报装容量160千瓦及以下小微企业通过低压方式接入，计量装置及以上工程由供电企业投资建设。,用电报装容量160千瓦及以下小微企业,安徽省人民政府印发关于进一步提振市场信心促进经济平稳健康运行若干政策举措的通知；安徽省能源局国网安徽省电力有限公司关于印发“获得电力”提升行动方案（2023版）的通知,https://www.ah.gov.cn/public/1681/564217821.html；https://www.ahzwfw.gov.cn/hqw-bsdt-portal/static/zcwj/detail?id=1641401268282900482
1640577433358368770,检验检测机构降低收取部分检验检测费用,市监部门,安徽省,2023-02-28,2023-12-31,安徽省市场监督管理局直属检验检测机构对住宿餐饮业小微企业的电梯、锅炉、压力容器检验费用按80%收取，对全省小微企业委托的产品质量检验和计量检测费用按80%收取，对全省个体工商户委托的产品质量检验、计量检测和特种设备检验费用减半收取。,适用此政策的住宿餐饮业依据企业营业执照的经营范围界定，小微企业参考市场监管总局“全国个体私营经济发展服务网（小微企业名录）”查询界定，个体工商户依据个体工商户营业执照界定。,安徽省人民政府印发关于进一步提振市场信心促进经济平稳健康运行若干政策举措的通知；安徽省市场监督管理局直属检验检测机构降低收取部分检验检测费用的公告,https://www.ah.gov.cn/public/1681/564217821.html；https://www.ahzwfw.gov.cn/hqw-bsdt-portal/static/zcwj/detail?id=1640571415186440193
1640264427441291265,加强用能要素保障,发改部门,安徽省,2023-01-01,,配置用能指标,新上单位增加值能耗优于全省单位GDP能耗控制水平的非“两高”项目、完成能耗强度降低目标或季度达到进度要求的市新上单位产品能耗优于行业标杆水平的非“两高”项目,安徽省人民政府印发关于进一步提振市场信心促进经济平稳健康运行若干政策举措的通知；全省重大项目建设能耗要素保障工作承诺事项,https://www.ah.gov.cn/public/1681/564217821.html；https://fzggw.ah.gov.cn/ywdt/tzgg/146670381.html
1640249418086678530,国家服务业标准化试点单位验收通过奖补,发改部门,安徽省,2024-01-01,2024-12-31,对新认定的国家服务业标准化试点单位，省服务业发展引导资金给予50万元奖励。,新验收通过的国家服务业标准化试点。,安徽省人民政府关于印发加快发展现代服务业若干政策的通知；安徽省人民政府关于巩固和增强经济回升向好态势若干政策举措,https://fzggw.ah.gov.cn/public/7011/140798641.html；https://www.ahzwfw.gov.cn/hqw-bsdt-portal/static/zcwj/detail?id=1759836813175209985
1638435507693600769,2023年度省制造业融资财政贴息专项资金,发改部门,安徽省,2023-03-20,2023-12-30,以国家开发银行制造业优惠贷款利率为基准，贴息 40%，采取省、市（县、区）差异化分担支持方式。其中，皖北地区（六市四县）按照省：市（县、区）8:2 共担；其他地区按照省：市（县、区）5:5 共担。单个项目贴息不超过 3 年，省、市（县区)合计贴息金额最高 5000 万元。省级贴息资金从省新兴产业发展专项引导资金中予以安排。,"1.对制造业项目贷款。原则上为固定资产贷款，不包括企业日常经营流动资金贷款，支持从2020年1月1日起签订合同并发生利息的投资项目贷款。2.对纳入制造业融资财政贴息专项支持范围的其他项目，包括新能源汽车和智能网联汽车产业补短板项目、氢能应用示范项目、中药材良种警育其地，""十大皖药""产业示范基地建设，中药深加工产品研发制造、合肥区域性中药研发基地建设、区域中药院内制剂制备中心建设等，支持从2022年1月1日起签订并发生利息的投资项目贷款。",关于开展2023年度省制造业融资财政贴息专项资金“免申即享”的通知；安徽省人民政府印发关于进一步提振市场信心促进经济平稳健康运行若干政策举措的通知,https://www.ahzwfw.gov.cn/hqw-bsdt-portal/static/zcwj/detail?id=1634141132714012674；https://www.ah.gov.cn/public/1681/564217821.html
1637634161683906562,奖补国家中小企业公共服务示范平台,工信部门,安徽省,2023-03-31,,对国家中小企业公共服务示范平台奖补100万元,由省经济和信息化厅推荐上报并获工业和信息化部认定的上一年度国家中小企业公共服务示范平台。,安徽省人民政府办公厅关于印发安徽省专精特新中小企业倍增行动方案的通知,https://www.ahzwfw.gov.cn/hqw-bsdt-portal/static/zcwj/detail?id=E3218B53A497A94EE05303C7FE0A5A2F
E31F24CB0C11A73AE05303C7FE0A8AF3,对初创科技型企业投资的创投企业和天使投资个人纳税抵扣,税务部门,安徽省,2022-01-01,2023-12-31,（1）公司制创业投资企业采取股权投资方式直接投资于种子期、初创期科技型企业（以下简称初创科技型企业）满2年（24个月，下同）的，可以按照投资额的70%在股权持有满2年的当年抵扣该公司制创业投资企业的应纳税所得额；当年不足抵扣的，可以在以后纳税年度结转抵扣。（2）有限合伙制创业投资企业（以下简称合伙创投企业）采取股权投资方式直接投资于初创科技型企业满2年的，该合伙创投企业的合伙人分别按以下方式处理：1.法人合伙人可以按照对初创科技型企业投资额的70%抵扣法人合伙人从合伙创投企业分得的所得；当年不足抵扣的，可以在以后纳税年度结转抵扣。2.个人合伙人可以按照对初创科技型企业投资额的70%抵扣个人合伙人从合伙创投企业分得的经营所得；当年不足抵扣的，可以在以后纳税年度结转抵扣。（3）天使投资个人采取股权投资方式直接投资于初创科技型企业满2年的，可以按照投资额的70%抵扣转让该初创科技型企业股权取得的应纳税所得额；当期不足抵扣的，可以在以后取得转让该初创科技型企业股权的应纳税所得额时结转抵扣。,"    创业投资企业，应同时符合以下条件：1.在中国境内（不含港、澳、台地区）注册成立、实行查账征收的居民企业或合伙创投企业，且不属于被投资初创科技型企业的发起人；2.符合《创业投资企业管理暂行办法》（发展改革委等10部门令第39号）规定或者《私募投资基金监督管理暂行办法》（证监会令第105号）关于创业投资基金的特别规定，按照上述规定完成备案且规范运作；3.投资后2年内，创业投资企业及其关联方持有被投资初创科技型企业的股权比例合计应低于50%。
    天使投资个人，应同时符合以下条件：1.不属于被投资初创科技型企业的发起人、雇员或其亲属（包括配偶、父母、子女、祖父母、外祖父母、孙子女、外孙子女、兄弟姐妹，下同），且与被投资初创科技型企业不存在劳务派遣等关系；2.投资后2年内，本人及其亲属持有被投资初创科技型企业股权比例合计应低于50%。",关于创业投资企业和天使投资个人有关税收政策的通知；关于延续执行创业投资企业和天使投资个人投资初创科技型企业有关政策条件的公告；安徽省人民政府印发关于进一步提振市场信心促进经济平稳健康运行若干政策举措的通知,https://www.ahzwfw.gov.cn/hqw-bsdt-portal/static/zcwj/detail?id=1545244523696091138；https://www.ahzwfw.gov.cn/hqw-bsdt-portal/static/zcwj/detail?id=1545246084547604482；https://www.ah.gov.cn/public/1681/564217821.html
E31F24CB0C2FA73AE05303C7FE0A8AF3,按法定最低标准征收货车、挂车、专用作业车等车辆车船税,税务部门,安徽省,2023-01-01,,按照法定最低标准征收货车、挂车、专用作业车等车辆车船税,货车、挂车、专用作业车等车辆,安徽省人民政府印发关于进一步提振市场信心促进经济平稳健康运行若干政策举措的通知；国家税务总局安徽省税务局关于进一步加大税收政策落实力度助力稳住宏观经济大盘若干措施的通知,https://www.ah.gov.cn/public/1681/564217821.html；https://www.ahzwfw.gov.cn/hqw-bsdt-portal/static/zcwj/detail?id=1650758205438599169
E31F24CB0C32A73AE05303C7FE0A8AF3,小规模纳税人增值税减免,税务部门,安徽省,2023-12-31,2023-12-31,月销售额10万元以下的增值税小规模纳税人免征增值税政策，实施小规模纳税人增值税征收率由3%降至1%,月销售额10万元以下的增值税小规模纳税;小规模纳税人,安徽省人民政府印发关于进一步提振市场信心促进经济平稳健康运行若干政策举措的通知；财政部税务总局关于明确增值税小规模纳税人减免增值税等政策的公告,https://www.ah.gov.cn/public/1681/564217821.html；https://www.ahzwfw.gov.cn/hqw-bsdt-portal/static/zcwj/detail?id=1636166742008188929
E31F24CB0C36A73AE05303C7FE0A8AF3,降低收中小微企业地方水利建设基金,税务部门,安徽省,2022-01-01,2023-12-31,向中小微企业征收的地方水利建设基金按现有费率的90%征收。,中型企业、小型企业和微型企业，按照 《中小企业划型标准规定》 (工信部联企业 〔2011 〕300号)和 《金融业企业划型标准规定》 (银发 〔2015〕309号)中的营业收入指标、资产总额指标确定。,安徽省财政厅国家税务总局安徽省税务局关于我省中小微企业减征地方水利建设基金的通知；安徽省财政厅国家税务总局安徽省税务局关于我省中小微企业继续减征地方水利建设基金的通知；安徽省人民政府印发关于进一步提振市场信心促进经济平稳健康运行若干政策举措的通知,https://www.ahzwfw.gov.cn/hqw-bsdt-portal/static/zcwj/detail?id=E3218B53A4ADA94EE05303C7FE0A5A2F；https://www.ahzwfw.gov.cn/hqw-bsdt-portal/static/zcwj/detail?id=1646789963879464962；https://www.ah.gov.cn/public/1681/564217821.html
E31F24CB0C34A73AE05303C7FE0A8AF3,六税两费顶格减征,税务部门,安徽省,2022-01-01,2024-12-31,我省增值税小规模纳税人、小型微利企业和个体工商户减按50%征收资源税、城市维护建设税、房产税、城镇土地使用税、印花税（不含证券交易印花税）、耕地占用税、教育费附加、地方教育附加。,我省增值税小规模纳税人、小型微利企业和个体工商户减按50%征收资源税、城市维护建设税、房产税、城镇土地使用税、印花税（不含证券交易印花税）、耕地占用税、教育费附加、地方教育附加。,财政部 税务总局关于进一步实施小微企业“六税两费”减免政策的公告；安徽省人民政府印发关于进一步提振市场信心促进经济平稳健康运行若干政策举措的通知；安徽省财政厅国家税务总局安徽省税务局关于我省小规模纳税人、小微企业和个体工商户减按50％征收“六税两费”的通知,https://www.ahzwfw.gov.cn/hqw-bsdt-portal/static/zcwj/detail?id=1638374303163924482；https://www.ah.gov.cn/public/1681/564217821.html；https://www.ahzwfw.gov.cn/hqw-bsdt-portal/static/zcwj/detail?id=1545232685088501762
E31F24CB0C2CA73AE05303C7FE0A8AF3,“六大行业”纳税人和增值税小规模纳税人免征2023年上半年房产税和城镇土地使用税,税务部门,安徽省,2023-06-30,2023-06-30,免征2023年上半年房产税和城镇土地使用税,住宿餐饮、文体娱乐、交通运输、旅游、零售、仓储行业纳税人和增值税小规模纳税人,安徽省人民政府印发关于进一步提振市场信心促进经济平稳健康运行若干政策举措的通知；国家税务总局安徽省税务局关于“六大行业”纳税人和增值税小规模纳税人免征2023年上半年房产税和城镇土地使用税有关事项的通告,https://www.ah.gov.cn/public/1681/564217821.html；https://www.ahzwfw.gov.cn/hqw-bsdt-portal/static/zcwj/detail?id=1650415206443687937
